video_id,source_url,verbatim_prompt,prefilter_flag,has_timecode
8148,https://x.com/abs_uiux/status/2083076875459461171,"0:00–0:02: Close-up slow-motion shot of a sleek modern sneaker (bold white base with deep navy and gold detailing) hitting sunlit concrete, dust particles glinting in the light.
0:02–0:05: Quick cuts: a sprinter launching off the blocks, a dancer spinning mid-air, a student walking confidently through city streets – all wearing the sneakers, highlighting flexibility, grip and style.
0:05–0:08: Low-angle tracking shot following the sneakers moving smoothly across different surfaces: pavement, gym floor, and grass.
0:08–0:10: Hero shot: the sneaker resting on a ledge against a bright sky; bold text overlays: ""MOVE BEYOND LIMITS"" + ""YOUR STEP, YOUR STORY"" + brand logo placeholder.
Audio Vibe: Upbeat rhythmic bassline that builds to a crisp finish; subtle sound effects of footsteps, wind and a soft impact at the start.
Core Theme: Versatility, confidence, performance and everyday style.",,True
8112,https://x.com/Nexa_Tech_Ai/status/2083060016995868951,"A tranquil animated forest picnic by the riverside, where every ingredient comes straight from nature. Hands scoop silverfish from a clear running stream, rinse fresh green vegetable leaves, and slice fish fillets and vegetables on a wooden cutting board. Spices are sprinkled into a cast-iron pot over an open campfire—fish, greens, and mushrooms simmer together into a rich, steaming soup in a clay pot. Steamed rice is served on a rustic wooden table alongside a glass of fresh coconut juice, warm sunlight filtering softly through the treetops. Cinematic animation style, vivid colors, soft natural lighting, ultra-detailed, peaceful atmosphere, 4K.",,False
8113,https://x.com/AIwithkhan/status/2083049970597577156,"Use the uploaded reference image as the exact character reference. Preserve her facial identity, hairstyle, eye color, makeup, skin tone, body proportions, outfit, and accessories consistently throughout every shot. Maintain perfect facial consistency, realistic hand anatomy, and natural expressions. Use the same iced coffee bottle with identical branding, label, colors, and packaging throughout the commercial. Create an ultra-realistic premium UGC iced coffee commercial with a warm lifestyle aesthetic. Set the film in a modern apartment filled with soft natural window light, warm wooden interiors, cozy neutral décor, realistic reflections, shallow depth of field, cinematic color grading, and premium commercial lighting. The commercial opens with a close-up of the woman smiling at the camera while holding the iced coffee bottle beside her face. She naturally presents the product with an excited expression. Transition to a clean macro product shot where the bottle stands on a wooden table covered with natural condensation, highlighting the premium label and chilled texture. Move into an extreme macro shot as she slowly twists open the bottle cap. Capture the satisfying opening motion and the fresh condensation around the bottle. Show a cinematic macro sequence of the iced coffee being poured over a glass filled with crystal-clear ice cubes. Rich coffee flows smoothly while ice gently clinks together. Capture a close-up of the coffee swirling beautifully as milk blends naturally, creating smooth marbled patterns inside the glass. She lifts the drink, takes a refreshing sip, closes her eyes briefly, and smiles naturally as she enjoys the taste. She then looks directly into the camera while holding the bottle and gives a confident thumbs-up with a satisfied smile. Transition to a clean lifestyle shot where the bottle rests beside a laptop, sunglasses, and a book on a wooden table, creating a relaxed work-and-coffee atmosphere. The next scene follows her walking outdoors under warm sunlight while holding the iced coffee bottle naturally, enjoying the fresh air with a relaxed smile. Finish with a premium hero product shot. The iced coffee bottle stands on a wooden surface surrounded by roasted coffee beans as warm sunlight illuminates the bottle. The woman gently places her hand beside the product, smiles toward the camera, and says, ""Good coffee. Good mood. Anytime."" The camera slowly pushes in on the bottle before fading out. Style: Premium UGC commercial, luxury café aesthetic, cinematic lifestyle storytelling, realistic coffee textures, macro product cinematography, smooth handheld and gimbal camera movements, commercial-grade lighting, shallow depth of field, photorealistic, ultra-detailed. Negative Prompt: No text, no subtitles, no logos beyond the product packaging, no watermarks, no duplicate people, no distorted hands",,False
8118,https://x.com/HustleXR/status/2083046696196722984,"Title: 15s Human Mecha vs Titan Dragon. Duration: 15s. Style: Ultra photorealistic live-action, Hollywood blockbuster, IMAX, ARRI Alexa 65, Atlas Orion Anamorphic, HDR, premium Hollywood VFX, aggressive cinematic camera. References: image1: Keep the character identical. image2: Follow the storyboard framing and camera composition. Prompt: A 2.2m human-sized powered armor mecha crashes into an abandoned megacity, creating a massive impact crater. As the camera rises behind the hero, a colossal Titan Dragon towers above the skyline, crushing skyscrapers. The mecha raises its rail cannon as magnetic coils unfold, blue-white plasma rapidly compresses, lightning fills the sky, and nearby vehicles and steel structures levitate from intense electromagnetic force. The Titan Dragon charges a molten sun inside its jaws. After a brief silence, both unleash their ultimate attacks. A devastating blue-white rail cannon collides with a world-ending molten fire beam, creating a gigantic plasma sphere, nuclear-scale shockwaves, lightning storms, sonic booms, collapsing skyscrapers, debris tornadoes, and violent camera shake. The rail cannon pierces through the dragon, ending in a colossal blue-white explosion. The final aerial shot reveals the lone mecha standing motionless at the center of the destroyed city beneath crackling lightning and towering smoke clouds. Sound Design: Massive cinematic impacts, metallic landing, mechanical transformation, magnetic coil charge, electrical crackles, thunder, dragon roar, molten fire blast, colossal rail cannon, beam collision, plasma explosion, collapsing skyscrapers, trailer braams, epic choir, orchestral percussion, emotional brass finale. Negative Prompt: giant mecha, Gundam scale, redesign character, anime, cartoon, CGI, toy, weak VFX, static camera, stiff animation, low quality, text, subtitles, logo, watermark",,False
8124,https://x.com/Aqsahere_/status/2083026795683586313,"A photorealistic smartphone selfie vlog that looks exactly like a real mobile phone recording. A young woman (image = her face and hair) is walking alone through a peaceful green park on a sunny afternoon, holding her phone in selfie mode with natural handheld movement, slight hand shake, realistic autofocus, authentic smartphone stabilization, and true-to-life colors. As she happily talks to the camera in Korean, a small fluffy golden puppy unexpectedly starts following behind her. She notices it, turns around with a surprised laugh, crouches down, gently pets its head, and says, ""Where did you come from?"" The puppy wags its tail excitedly and stays beside her as they continue walking together. She picks it up for a moment, cuddles it with a big smile, then sets it back down. At the end, the puppy lovingly licks her hand, making her laugh naturally before she looks into the camera, waves, and says, ""I met a new friend today. Bye!"" She reaches toward the phone to stop the recording. The video should feel completely real with natural human motion, consistent facial features, realistic puppy behavior, accurate interactions, authentic outdoor lighting, no beauty filters, no CGI, no AI-plastic appearance, no subtitles, no logos, no watermark, and no background music—only real park ambience, birds, footsteps, distant conversations, and the puppy's soft barks.",,False
8125,https://x.com/AllaAisling/status/2082960848444596581,"15-second cinematic action sequence aboard a magnetic levitation war train speeding through a dystopian night desert, electric storms illuminating giant industrial ruins in the distance. 0.0–3.0s: Low tracking shot races along the side of the train as a cyber samurai runs across the magnetic exterior panels, sparks erupting beneath his boots. 3.0–6.0s: A chrome-armored assassin descends from a hovering drone transport onto the train roof, neon katana igniting blue light through the storm. 6.0–9.0s: First sword clash sends electrical arcs across the train roof while lightning flashes overhead in slow motion. 9.0–12.0s: High-speed duel across unstable train cars, both fighters nearly thrown off balance as the train tears through debris and collapsing structures. 12.0–15.0s: Massive aerial pull-back reveals the glowing train cutting across the dark wasteland while the duel continues atop the final car.",,True
8160,https://x.com/soranoblue3/status/2082935722261332365,"Generate a video while strictly maintaining elements such as the artistic style, characters, depth, transparency, and color tones of the reference image. The protagonist girl walks slowly toward the bright area in the distance while looking around -> the camera transitions to a cut showing the girl and the dark cave from the background -> it moves with smooth camerawork from a close-up of the girl's bright expression to a shot of the blue sky. No dialogue. Sound effects and acoustics only. Produce with dramatic camerawork.",,False
8128,https://x.com/LadyyEth/status/2082922222088511776,"Strict first-person POV, male hero, face never visible. Do not keep the hero’s hands constantly in frame. The hands appear only during the dodge recovery and the spellcasting moment. One continuous shot, no cuts, vertical cinematic dark fantasy, realistic body-driven camera motion. The camera behaves like the hero’s head and torso, with strong physical reaction during the dodge, then controlled forward focus during the spell.  Over the rooftops of a burning medieval city under a storm-black sky, narrow streets below, dark roof tiles, timber-and-stone houses, cathedral spires in the distance, dense smoke columns, scattered rooftop fires, falling embers, hot smoky air. A giant demon suddenly erupts upward from the ground between the buildings, tearing through stone and rooflines, surrounded by dust, fire, and debris. The demon is enormous, heavily armored in jagged black metal with molten red-orange cracks glowing between the plates, bright red eyes, horned helmet, massive chest and shoulders, long heavy limbs, real physical weight. In one hand it wields a burning spear with a blazing red-orange tip.  The demon instantly hurls the flaming spear straight at the hero. At the last possible moment the hero performs a dramatic Hollywood-style backward dodge, bending low like a Matrix lean. Enter brief slow motion as the spear slices directly over the camera and narrowly passes above the hero’s head, trailing fire, sparks, and heat distortion. In that near-death moment, the hero breathes out in alarm, “No...” The shot then snaps back to real-time as the spear slams past into the city behind.  The hero regains balance and raises both hands only briefly to cast. Thin molten orange-red magic lines along the forearms flare brighter. The demon steps forward through smoke and fire, preparing to attack again. The hero channels a powerful summoning spell upward. From the storm clouds high above, two colossal burning hands descend from the sky, not from the hero’s body, not from the ground. They appear like divine infernal constructs falling through smoke, enormous, symmetrical, clearly shaped like giant human hands, with white-hot edges, dense orange inner fire, thick blazing fingers, and controlled purposeful motion.  The giant burning hands drop on both sides of the demon and slam inward with overwhelming force, seizing and crushing the demon’s torso from left and right. Tight center focus on the impact. The demon struggles violently with real mass, armor buckling and collapsing inward, molten cracks bursting brighter across its chest and ribs. Fire pours through the fractures as the crushing pressure intensifies. The demon ignites inside the grip of the giant hands, burns rapidly from within, and its body breaks apart into flames, black ash, sparks, and fragments of ruined armor. The crushing hands keep closing until the dem",,False
8129,https://x.com/iam_nafisahmed/status/2082888153430725075,"4K 2.39:1 cinematic slow-motion sequence, 90 second runtime, ethereal photorealistic underwater style. Opening wide tracking shot glides 10ft above flooded grand ballroom floor, warm glowing chandeliers cast dancing caustic gold light across marble. Young woman with flowing black hair, porcelain skin, deep red silk gown moves in weightless waltz, fabric billowing like liquid ink. Slow smooth camera orbits her as tiny silver fish swirl in ribbons, air bubbles rise in glittering columns. Drifting sheet music, rose petals, champagne glasses float past; tilted grand piano keys move gently with water currents. Mid-sequence slow close-up catches her calm dark eyes mid-spin, hair and gown unfurling. Final upward dolly follows as she ascends, soft volumetric god rays filter down from surface, she reaches one pale hand slowly toward the lens. Ethereal blue-gold color grade, perfectly smooth motion, natural underwater physics, dreamlike meditative pacing.",,False
8141,https://x.com/luciaverseai/status/2082863678064648326,"Create a 12-second Studio Ghibli-inspired animated video in a soft, hand-drawn style with warm natural lighting, lush greenery, and a peaceful rainy atmosphere. A person wearing a white ruffled sleeve opens a traditional wooden sliding glass door to reveal a rain-soaked garden, reaches out beneath a blooming lemon branch to catch a ripe lemon in their palm, then waters indoor potted plants with a white watering can as sunlight streams through the window, and finally pours steaming hot lemon tea from a ceramic teapot into a cup by the rainy window, creating a cozy, tranquil mood with gentle rain ambience and soft piano music.",,False
8136,https://x.com/mimu_ai1/status/2082862744303554592,"4K 2.39:1 cinematic realistic action sequence, 90 second runtime, high production value. Opening 0:00-0:15: Moody warm boutique spotlights pierce deep night shadows, glass display cases glint soft gold. Low drifting handheld camera tracks olive-skinned dark-haired heroine in fitted emerald silk gown moving with sharp controlled grace. 0:15-0:60: Fast whip pans follow precise martial arts; she vaults a display case, 120fps slow motion catches glass shards, diamonds and pearls exploding outward as glittering rain suspended in light beams. She slides across polished marble, hurls an attacker into a watch shelf sending metal and glass cascading. A spinning kick disarms the final thief. 0:60-0:90: Slow smooth push-in, she stands breathing steady amid wreckage, plucks one solitaire diamond ring, turns to lock sharp green eyes with the lens, faint quiet smile. Natural physics, subtle motion blur, warm amber color grade, tight dynamic framing, smooth consistent motion.",,True
8137,https://x.com/Genflickmovies/status/2082859711787872613,"Garden gnomes with guns. In bodycam POV. 0-4s breach, 4-10s gnomes attack with tiny weapons, 10-15s combat takedown.",,True
8115,https://x.com/im_shahid7/status/2082851844813185203,"A cinematic animated short film with feature-film-quality 3D animation, expressive stylized characters, a dimly lit child's bedroom at night, moonlight streaming through a half-open window, soft volumetric shadows, a single nightlight glowing faintly in the corner, smooth cinematic camera movement, suspenseful ambient score with quiet tension, polished CGI animated feature film quality rendering, NOT photorealistic, expressive facial animation. Boy remains fixed near the closet door area throughout. Closet door is slightly ajar on the left side of frame, gap visible underneath. A 9-year-old boy in White and black tiger-print pajamas plays with a small red flashlight, making shapes on the ceiling, cheerful and carefree. He accidentally drops it. The flashlight rolls across the floor and disappears through the gap under a slightly-open closet door. Boy (gasping): ""Oh no"" He crawls over and kneels in front of the closet door, reaching his hand into the dark gap underneath, feeling around blindly. He stretches his arm further into the darkness, still can't find it. Continue seamlessly from the previous scene. Maintain the exact same character, clothing, facial features, lighting, bedroom environment, and CGI animated feature film quality 3D animation style, NOT photorealistic. Boy remains fixed kneeling at the closet door. The clawed hand emerges from the same fixed gap beneath the door. Without him noticing, a long clawed shadowy hand slowly emerges from the pitch-black gap beneath the door, quietly placing the flashlight into his open palm. Still focused on the floor, he closes his hand around it and pulls it out. Boy (relieved smile): ""Thanks, Mom."" He stands up, dusts off his pajamas, turns toward his bedroom door — closed, room empty. He freezes. Dramatic close-up on his face. His smile fades, eyes go wide. Behind him, the closet door creaks open another inch. Boy (exaggerated scream): ""AAAAH!"" He sprints out of the room, slamming the door behind him. The clawed hand slowly withdraws into the closet, door creaking shut on its own. Fade to black.",,False
8140,https://x.com/CharaspowerAI/status/2082843708655829010,"Ultra-realistic original dark fantasy war sequence on a vast volcanic plain at dusk. An army of terrifying beast riders mounted on armored reptilian and wolf-like creatures charges toward a disciplined line of elite spearmen. 0–4s: extreme wide shot showing hundreds of mounted creatures racing across ash and burning grass, dust clouds and embers exploding behind them. 4–9s: low-angle tracking beside the charge, claws pounding the ground, riders roaring, capes and armor shaking, camera weaving between galloping monsters with intense speed. 9–15s: full-force impact as the beast riders crash into the shield wall, spears splinter, bodies recoil, creatures leap through smoke, the formation bends under enormous pressure. Epic scale, brutal energy, ultra dynamic camera, photorealistic textures, cinematic dust, ash, sparks, deep orange firelight against black storm clouds.",,True
8134,https://x.com/noorwithwifi/status/2082825904812913139,"A fast-paced anime-style countryside cooking montage set in a hidden meadow surrounded by rolling hills, wildflowers, and a cozy old wooden cottage. The video shows every cooking action in sequence with smooth cinematic transitions. A young cook gathers fresh eggs from a small farm coop, picks fragrant herbs and colorful vegetables from the garden, and collects fresh spring water. Quick close-up shots show ingredients being washed, chopped, herbs crushed with a stone mortar, and dough being prepared on a rustic wooden table. A stone fire pit burns as a copper pot simmers with a rich homemade sauce, vegetables are sautéed in a pan, and warm bread is sliced with steam rising from the fresh meal. The finished countryside dish is beautifully arranged on handmade ceramic plates beside a glass jar of fresh fruit juice. Final shot reveals the peaceful meadow landscape, golden sunlight, gentle wind moving through the grass, and a cozy anime cooking atmosphere. Fast cinematic cuts, smooth camera movements, vibrant colors, soft natural lighting, highly detailed anime visuals, tranquil yet energetic feeling, masterpiece quality, 4K.",,False
8142,https://x.com/pictsbyai/status/2082812577881411963,"Extreme close-up of a white spacesuit shoulder inside a dim spacecraft cabin, slowly rotating into frame. A circular embroidered mission patch stitched onto the shoulder reads ""HIGGSFIELD"" in clear capital letters across its face, the thread texture and raised edge of the badge sharply visible. The camera pulls slowly back and racks focus to the astronaut's helmet visor, where the curved blue edge of a planet slides across the reflective glass. Slow dolly-out with a rack focus from the patch to the visor, close-up opening to medium close-up. Cool blue instrument light from below mixed with hard white sunlight cutting in from a porthole. Photorealistic hard-science-fiction look, ultra-detailed fabric and glass, shallow depth of field. Audio: low hum of life support, soft mechanical switch clicks, amplified breathing inside the helmet, a sparse sustained low string note.",,False
8154,https://x.com/Soranlan/status/2082805985693810815,"[Overall Style] Cinematic photorealistic, restrained supernatural twist comedy, combining elegant immortal time spells, precise visual misdirection, realistic physics of static objects, and subtle character micro-performances. The humor comes from the accidental exposure of a character's true nature. Designed for Seedance 2.0 multi-modal reference control and unified audio-visual generation.

[Characters]
Character A | Sword Immortal Sister: Use @Picture 1 as the strict identity and clothing reference. A 25–30-year-old East Asian female sword immortal, maintaining the same face, sharp dark eyes, black long hair, jade hairpin, tall slender figure, white embroidered silk Hanfu, translucent layered wide sleeves, silver jewelry, and white cloth boots.
Character B | Bicycle Sister: Use @Picture 2 as the strict reference. A 25–30-year-old East Asian female on a bicycle, maintaining the same face, ponytail, body proportions, clothing, accessories, bicycle, and bubble tea cup.

[Shot 1 | 0-5s | Low-angle Panorama Tracking]
16:9 widescreen, a bright modern pedestrian plaza after rain. Wet ground reflections, coffee tables, trees, glass storefronts, and leaves blowing in the wind are clearly visible. The same bicycle girl enters the frame, her front wheel slips slightly, and she loses balance. The bubble tea cup, black pearls, mobile phone, and scattered leaves fly into the air. The same sword immortal turns and whispers: 'Freeze.' Time instantly stops; all objects in the air, tea droplets, and pearls hover precisely. Urban sounds vanish, replaced by a low, clear magical resonance.

[Shot 2 | 5-10s | Continuous Orbiting Medium Shot]
The same sword immortal in white silk Hanfu walks calmly into the static scene. She straightens the bicycle, puts the phone back in the girl's hand, catches all suspended pearls with the tea cup, and gently adjusts the girl's center of gravity. Before leaving, she looks around, secretly takes a quick sip of the bubble tea, then immediately resumes her cool posture with hands behind her back.

[Shot 3 | 10-15s | Close-up into Two-person Shot]
The sword immortal snaps her fingers, and time resumes seamlessly. Character B lands safely with a shocked expression. She checks the suddenly lighter tea cup, notices a black pearl on the immortal's lip, and asks suspiciously: 'Sister, did you freeze time just for a sip?' Extreme close-up: The immortal silently swallows the tea, wipes the pearl away, and answers calmly: 'Saving people, by the way.' The frame freezes on the girl's suspicious gaze and the immortal's forced calm.

[Technical Requirements] Strict 15-second total duration, three clean shots, consistent object trajectories, stable character identities and clothing, accurate Mandarin lip-syncing, precise audio transition for time freezing, and realistic physics for liquids, pearls, hair, silk, bicycles, and reflections. No subtitles.

[Negative Prompts] blurry, bad quality, low quality, low resolution, noisy, jpeg artifacts, watermark, text, error; deformed, mutated, bad anatomy, poorly drawn hands, bad composition, out of frame, disfigured; inconsistent character, changing clothes, face morphing, background shift, glitching cuts, disappearing props",,True
8152,https://x.com/john87445528/status/2082804507839193581,"Act 1: [Reference Lock] Refer to Image 1 hf_20260730_044943_833909d3-0181-4d86-b4ad-8fdd91945fbd for Landlady #1 wearing hf_20260730_045132_8f945ce1-0e33-4e9c-86c6-5b5bdb0b0185. Legs and feet proportions, thin sock texture, sofa sitting posture, and black high heel position are highest priority; maintain pre-set face, hairstyle, makeup, and clothing of #1. Reference video provides the small restaurant space, appearance, body type, clothing, and life-like performance rhythm of Man #2 and Diner #3. #1, #2, and #3 are all adults; no face-swapping, duplication, merging, or identity swapping. [Overall Setting] Realistic small restaurant life comedy. Landlady #1 sits on the sofa in the left-rear resting area browsing her phone, presenting a restrained, natural 'Siren Pose': body leaning against the sofa, one shoulder slightly lower, waist and back forming a natural S-curve; legs elegantly crossed and extended slightly forward with toes relaxed; head tilted gently, long black hair falling naturally on one shoulder. The posture has a quiet, lazy, attractive quality but does not actively tease diners, lick lips, wink, or intentionally writhe. Man #2 sits at the first old green dining table in the front right eating noodles. Diner #3 sits at another independent dining table in the back right; there is a clear aisle between the two tables, and they never sit at the same table. Man #2 stares momentarily at Landlady #1 while eating, then calls her to get a bottle of orange drink. Diner #3 is already eating at the other table from his first appearance to establish spatial positioning for the later twist. [Realistic Filming] Unprocessed iPhone handheld realistic video. 9:16 vertical screen, 1080x1920, 30fps, 26-28mm equivalent focal length, shot by an ordinary diner standing about 1-1.5 meters away. Auto exposure, auto focus, auto white balance. Retain slight hand shakiness, breathing fluctuations, half-beat delays in re-framing, brief focus searching, motion blur, local overexposure by the window, and shadow noise. No filters, no beauty mode, no skin smoothing, no cinematic lighting, no stabilizer movement, no artificial shallow depth of field. Retain real skin texture, stray hairs, clothing wrinkles, and natural reflection of thin socks. [Character Locations] Landlady #1: Left rear beige-grey double sofa. Leaning back browsing phone, natural Siren Pose, ignoring diners for now. Man #2: Front right first green old table, eating alone, the one who calls for a drink. Diner #3: Back right second independent table, about one meter from Man #2 with an aisle in between. Eating alone, not synchronized with Man #2, not speaking yet. [Space & Props] Left rear: Sofa, phone, a pair of black high heels by the feet, one closer to the camera. Center rear: Drink cooler, service counter, beige ledger. Front right table 1: Man #2, bowl of noodles, chopsticks, small seasoning dish. Back right table 2: Diner #3, another bowl of noodles, chopsticks, seasoning dish. Tables/props are independent and not shared. The cooler contains only one orange drink: ~500ml transparent plastic bottle, orange-yellow translucent liquid, colored tamper-evident cap. Only one bottle appears in the entire film, not on the table beforehand. [15s Shot List] 0-2s: Low-angle foot establishing shot starting from #1's legs on the sofa edge. 2-4s: Mid-shot of Landlady on sofa as camera moves up to her upper body. 4-6.8s: Wide mid-shot showing both dining tables with the aisle between them. 6.8-8.5s: Man #2 finishes a mouthful and shouts for a drink. 8.5-10.5s: Landlady responds, puts phone down on the armrest, puts on heels, and stands up. 10.5-12.5s: Mid-shot of Landlady taking one orange drink from the glass cooler and picking up a ledger, walking toward the aisle with a natural S-curve sway. 12.5-15s: Handheld tracking shot follows her to Man #2's table. She places the sealed drink: 'Here is your drink.' Final frame: Drink is sealed, landlady holds ledger, two men at separate tables. [Audio] Diegetic restaurant sounds: cooler compressor, exhaust fan, distant chatter, noodle slurping, chopsticks hitting bowl, heels on floor, cooler door, footsteps, bottle hitting table. Realistic reverb. No BGM. [Continuity] #1 always moves from left-rear to front-right. #2 and #3 remain at separate tables. Drink stays sealed until delivered. [Negative Prompt] Do not sit #2 and #3 together; no sharing bowls; no cloning characters. No dancing, winking, or erotic performance. No skin smoothing, no floating objects. Act 2: [Reference Lock] (Same character/clothing references as Act 1). [Starting Point] Continuation from Part A final frame: Landlady #1 stands in the aisle facing Man #2 with ledger; Man #2 touches the sealed drink; Diner #3 watches from his table. [Overall Setting] Man #2 asks for the price; hearing 6 yuan, he offers 5. Landlady calmly takes the drink back, opens it, takes a sip, and hands the opened bottle back. Diner #3 watches and says: 'I'll take a case of those.' Landlady breaks her cold expression and sprays the drink into the back of her ledger while laughing. [Realistic Filming] (Same technical specs as Act 1). [Shot List] 0-2s: Man #2 asks 'How much?' Landlady replies 'Six.' 2-3.8s: Man #2 offers 'I only have five, how about five?' 3.8-5s: Landlady silently takes the bottle back. 5-6.3s: She unscrews the cap with a 'click'. 6.3-7.8s: She takes a small sip, looking at #2. Liquid level drops. 7.8-9s: She loosely places the cap back and hands the opened bottle to the stunned Man #2. 9-11.8s: Diner #3 stops eating and says seriously: 'I'll take a case of those.' 11.8-15s: Landlady's eyes widen, she turns toward #3, holds up the ledger to cover her face, and sprays a fine orange mist of the drink against the ledger while laughing. Final frame: #2 stunned with the opened drink, #3 waiting for a case, Landlady laughing behind the ledger. [Audio] Cap clicking, liquid sloshing, swallowing, and Landlady's short choke/laugh at the end. [Negative Prompt] No merging tables; no floating caps; drink must not refill itself. No eroticized movements. No large projectile vomiting, just a laugh-induced spray. No platform UI or watermarks.",,True
8114,https://x.com/Just_sharon7/status/2082791809898651724,"Cinematic high-octane action sequence in a vast red-rock desert canyon under bright blue sky. A heavily customized bright magenta/pink off-road truck with spiked armor, heavy chains, and a massive metal skull front grille with glowing headlights and long fangs speeds through dusty terrain. Dynamic camera work: low-angle undercarriage shot as the truck launches over a dirt ramp kicking up dust and debris; side tracking shot of the spiked truck racing; close-up inside the cab of a stern woman in a traditional yellow hanbok-style outfit smoking a cigarette while gripping the wheel; rear gunner platform with a young woman in digital camouflage military uniform (name patch visible), long hair flying, sunglasses on head, enthusiastically firing a large mounted heavy machine gun with muzzle flashes while shouting; POV from the truck’s spiked hood racing toward a charging herd of massive armored metallic rhinoceros-like beasts with mechanical plating and horns kicking up dust; side and frontal shots of the pink skull-truck barreling through the stampeding armored rhinos as the gunner keeps firing; high aerial overhead shot of the truck weaving among the herd leaving dust trails; final rear tracking shot of the truck speeding away down the canyon with the gun still elevated. Fast-paced, dusty, intense Mad Max-inspired post-apocalyptic energy mixed with Korean action-comedy flair, bright desert lighting, motion blur, practical dust and debris effects, 15-second continuous action sequence.",,False
8131,https://x.com/im_shahid7/status/2082790104771473775,"Live-action + flat 2D sticker composite, POV cooking vlog, vertical 9:16, 10 seconds, 8K, light handheld micro-shake. Realistic kitchen + funny flat sticker character.
Scene: Home kitchen from first-person perspective. Beef and greens are frying in a black pan, oil sizzles, steam rises. White tiles, sauce bottles, sink on the right, side daylight.
Character: Little chibi raccoon Solka as a flat 2D sticker: gray-blue fur, dark mask around eyes, striped tail, big red bow, round black glasses, yellow dress, red shoes. Thick outline, paper texture, colored pencil style. Sitting on a small stool by the stove.
00:00–00:03 — Salty Avalanche
Real hand stirs meat with a spatula. Solka smiles cunningly and pours a whole jar of salt into the pan. Salt falls like a waterfall, forming a white mound.
SFX: sizzling, salt pouring.
00:03–00:05 — Oops
Hand takes the jar away, next to her head the spatula makes a comical ""BONK!"". Glasses slide down, tail stands on end, Solka jumps.
SFX: bonk, cartoon spring.
00:05–00:08 — Salty Payback
Solka tastes the oversalted food. Cheeks puff up, eyes become spirals, cartoon tears spray from eyes.
SFX: crunch, pause, exaggerated crying.
00:08–00:10 — Salty K.O.
She swallows, eyes turn into Xs, falls off the stool like a paper sticker. Stars around head, final freeze-frame.
SFX: croak, soft thud, funny spirit sound.
Negative prompt: 3D raccoon, realistic fur, redesign, extra limbs, deformed hands, morphing, flicker, blur, fake salt physics, gore, subtitles, watermark, UI.",,True
8145,https://x.com/ZaraIrahh/status/2082789689766162741,"Create a 45-second 3D Pixar-style animated commercial for GLOWDROP – 24-Hour Liquid Blush in a vertical smartphone format. Use bright, colorful visuals with expressive cartoon characters, smooth exaggerated animation, cinematic lighting, and dynamic camera movements. The story takes place in a cozy apartment bathroom during a warm morning. Zara, a young woman in pajamas and a satin robe, panics after seeing a notification that her first date is in 20 minutes. Her regular powder blush fades instantly, leaving her frustrated, while her roommate's fluffy white Pomeranian, Milo, silently watches with hilarious judgmental reactions. After desperately searching through makeup, Zara discovers the glowing GLOWDROP bottle. She applies two dots, instantly revealing a radiant, long-lasting flush that transforms her confidence. A fast-paced montage shows her finishing her look, confidently heading out, and impressing her waiting date, while Milo proudly follows along. End with a clean hero product shot of the rotating GLOWDROP bottle against a soft pink background with the tagline: ""GLOWDROP — Blush That Doesn't Quit."" Keep the tone playful, relatable, and comedy-driven, featuring expressive character animation, internet-style humor, glowing beauty visuals, and Milo's silent reactions as the scene-stealing sidekick.",,False
8127,https://x.com/AIwithSynthia/status/2082788146534834428,"Use the uploaded storyboard image as the visual sequence reference and preserve the exact same beautiful young woman throughout the entire film. Maintain identical facial identity, hairstyle, skin tone, makeup, black fitted crop top, grey jogger pants, black shoulder bag, body proportions, and accessories across every scene. Ensure perfect character consistency and realistic anatomy.

Create an ultra-realistic cinematic ""A Day in My Life"" lifestyle film with premium commercial cinematography. The atmosphere should feel calm, authentic, and aspirational, using warm natural lighting, soft shadows, realistic reflections, cinematic colour grading, shallow depth of field, smooth handheld and gimbal camera movements, and subtle environmental ambience.

The film begins with her sleeping peacefully as an alarm rings beside the bed. She slowly wakes up, reaches for her phone, and turns the alarm off. She walks into a modern bathroom where she washes her face with cold water before getting dressed. Standing beside an open wardrobe, she chooses a black jacket, then prepares a healthy smoothie in her minimalist kitchen before taking a sip.

She leaves her apartment and confidently walks through a lively city street before entering the subway station. She rides the escalator, waits on the platform, and boards a crowded train while quietly observing the people around her. After arriving, she walks through the office lobby and rides the elevator before entering a modern open workspace where she works on her laptop with complete focus.

As the workday ends, she walks through the city during golden hour, enjoying the peaceful evening atmosphere. The film concludes with her back in her bedroom, lying on the bed while scrolling through her phone with a relaxed smile before placing it beside her and closing her eyes.

Style: Premium lifestyle commercial, realistic daily routine, cinematic storytelling, natural performances, luxury colour grading, soft bokeh, subtle lens flares, smooth transitions, emotionally warm atmosphere, photorealistic, ultra-detailed, commercial quality.

Negative Prompt: No text, no subtitles, no logos, no watermarks, no duplicate people, no distorted anatomy, no unrealistic facial features, no AI artifacts, no cartoon style, no flickering, no oversaturated colours, no abrupt transitions.",,False
8123,https://x.com/HaniaAi12/status/2082783746806485417,"Cinematic Pepsi energy drink commercial, ultra-realistic product photography style. A sleek blue and silver Pepsi can standing upright on a reflective dark surface with a soft gradient grey background. Condensation water droplets cover the can. A strong male hand reaches in and pulls the ice-cold Pepsi can out of a metal ice bucket filled with clear ice cubes. Extreme close-up of water droplets on the metallic surface of the can. The pull-tab opens with a burst of cold mist and vapor rising from the top. Golden amber liquid pours from the can into a clear glass filled with ice cubes, creating bubbles and fizz. A shirtless, extremely muscular, fit young man with sharp jawline and short brown hair drinks from the Red Bull can, eyes closed in satisfaction, then smiles confidently while holding the can. Dynamic action shot of the Red Bull can floating in mid-air surrounded by exploding ice cubes, water splash, and light rays. Final shot: Pepsi logo (two red Pepsi and yellow sun) appears above the cold, wet Pepsi can on a reflective surface. High-end commercial lighting, sharp details, cold blue and silver color grading, steam and condensation effects, 8K, photorealistic.",,False
8135,https://x.com/ImaStudio_ai/status/2082780744863404174,"Create a 15-second 16:9 premium 3D animated commercial in a Pixar / Illumination-inspired style with bright saturated colors, sunny outdoor lighting, playful humor, and strong cinematic sports energy. Main character: a short, chubby soccer player wearing blue jersey number 7. Supporting characters: several tall, slim teammates/opponents, creating a strong comedic contrast. Tone: starts funny and awkward, then turns energetic, uplifting, and heroic after drinking an energy drink. Story flow: Scene 1 (0–3s) – Underdog setup On a bright soccer field, tall players dominate the game. Camera tilts down to the short chubby player. He tries to dribble, slips in a clumsy funny way, and falls. From his low-angle POV, the tall players look down at him with smug expressions. He feels discouraged. Scene 2 (3–6s) – Energy appears A glowing blue “ENERGY” sports drink rolls to his side. He sits up, grabs it, opens it, and drinks. Immediately his eyes up and a blue-red electric aura bursts around him. He jumps to his feet, now full of power and confidence. Scene 3 (6–10s) – Comeback dribble Game resumes. A streak of blue energy flashes past the tall players as the short player steals the ball. Show low-angle dynamic tracking shots of his rapid footwork. He dribbles at high speed, weaving through defenders, nutmegging one player, and charging toward the goal. His movements are fast, agile, and visually exciting. Scene 4 (10–13s) – Hero goal In dramatic slow motion, he leaps and winds up for a powerful kick. Then the action snaps into full speed as he strikes the ball hard. The soccer ball turns into a glowing fireball with a bright energy trail, flies past the shocked goalkeeper, and smashes into the net. The crowd erupts in celebration with confetti flying. Scene 5 (13–15s) – Packshot ending The hero stands proudly at midfield with one foot on the ball and one hand holding up the ENERGY drink. The sunlight behind him casts a long shadow shaped like a tall, strong soccer champion. Final close-up on the drink bottle as the product hero shot. Visual style: premium 3D animation Pixar / Illumination-inspired appeal bright sunny soccer field strong size contrast between short chubby hero and tall slim players expressive faces dynamic sports camera comedic beginning, hype ending blue energy aura and glowing effects cinematic motion blur clean brand-commercial finish Audio / rhythm: Start with goofy awkward music for the first 3 seconds, then switch to upbeat energetic electronic sports music after the drink. Add comedic fall sound, bottle opening sound, gulp, electric power-up sound, fast dribble sounds, explosive kick impact, crowd cheers, and a crisp product end sound.",,True
8153,https://x.com/PixelAigc/status/2082767404061642791,"Basic video format: DV 16mm handheld tape camcorder POV perspective, entirely shot by LIS [@Image1], with intermittent fixed camera angles by placing the device on barbell racks, weight benches, or equipment stands.",,False
8122,https://x.com/Inshrah_ali_/status/2082761095538790899,"Inside an enormous ancient temple with towering stone pillars, cracked marble floors, floating dust particles, and powerful beams of sunlight streaming through the ceiling, a beautiful young female martial artist wearing an elegant flowing pink hanfu-inspired combat dress performs an extraordinary combat dance. The sequence opens with an ultra-wide cinematic shot as she glides gracefully across the polished stone floor. Her silk sleeves and layered skirt flow naturally with every movement while the camera circles her in a smooth 360-degree motion. She suddenly launches into an acrobatic spinning kick, flipping through the air with flawless martial arts precision. The camera switches to an extreme low-angle shot emphasizing her height and power as her dress ripples realistically. The action transitions into dramatic slow motion as she lands softly before instantly accelerating into rapid spinning footwork. Every movement creates realistic cloth simulation, subtle dust bursts, and perfectly synchronized body mechanics. She leaps high beneath a brilliant shaft of heavenly light. The camera follows from below while volumetric lighting surrounds her, creating an angelic silhouette. Her expression remains calm, focused, and fearless. As she begins rotating in midair, glowing golden energy ribbons emerge around her body, spiraling outward like magical dragon-shaped currents. Sparks, floating embers, and swirling particles react naturally to her motion. The camera pulls back into a breathtaking wide shot as the golden energy tornado expands across the temple floor, illuminating the ancient architecture with warm orange reflections. Dust rises naturally while light scatters realistically through the atmosphere. The final moment freezes in epic slow motion as she floats gracefully at the center of the glowing spiral beneath the heavenly beam, surrounded by rotating rings of golden energy. The camera slowly cranes upward, revealing the magnificent temple from above before fading to black.",,False
8126,https://x.com/bmx_ai13/status/2082753565487931661,Cinematic 16 by 9 video 15 seconds duration with acoustic guitar music. Two men with mustaches sit at a dark bar. The man in the striped shirt points. Cut to a hesitant mariachi singer. Cut back as the camera slowly pushes in on the striped shirt man singing passionately while his friend watches. Warm amber lighting shallow depth of field naturalistic textures 35mm film aesthetic.,,False
8149,https://x.com/johnAGI168/status/2082749280935178288,"[Style] Artistic Gymnastics Balance Beam film, TV broadcast + cinematic mixed texture (16:9 Cinematic, Photorealistic), high-speed photography (Super Slow-mo), warm gymnasium ceiling lighting + dark background tone, national team level action specifications.

[Duration] 15 seconds

[Scene] Gymnastics competition hall: A standard balance beam (10 cm wide) in the center, blue buffer mats underneath, spectators and judges blurred into dark blocks, spotlights making the beam surface shine, magnesium powder dust in the air.

[Character] Protagonist

[00:00-00:02] Shot 1: The Chalk
Close-up: Protagonist stands at one end of the beam, rubbing magnesium powder, white dust drifting in the spotlight. She looks at the beam, jaw tight, raising her hand to the judges.
[Sound] Quiet, only the rustle of powder and a deep breath.

[00:02-00:04] Shot 2: The Mount
Side medium shot: She runs and jumps off the board, supporting herself on the beam into an L-sit then standing up firmly on the 10cm beam, arms extended in a line, toes pointed.
[Sound] A dull thud from the board, slight vibration of the beam.

[00:04-00:08] Shot 3: The Acro Series (Super Slow-mo)
Slow motion, parallel tracking shot: She completes a back handspring to back layout series. Her feet land precisely on the narrow beam every time. Hair flickers in the air, a puff of powder bursts from under her feet.
[Sound] Elongated 'thump' of hands and feet hitting the wood, clear vibration hum.

[00:08-00:10.5] Shot 4: Leap + Turn
Normal speed, profile shot: She performs a switch leap, legs in a straight line, followed immediately by a double turn on one foot. Clean lines.
[Sound] Two light taps on landing, friction of foot on wood during the turn.

[00:10.5-00:13] Shot 5: The Dismount
Side low-angle shot: She accelerates with two back handsprings off the end, soaring into a back layout double twist. Body tight, landing on the mat—perfectly still, not moving an inch, arms raised instantly.
[Sound] Wind sound in air, a solid thud on landing, followed by applause and cheering.

[00:13-00:15] Shot 6: The Salute
Front medium shot slowly zooming in: She maintains her pose, chest heaving, sweat reflecting on her forehead, then salutes the judges with a smile. The image freezes on her smile.
[Sound] Sustained applause, ending with an upward closing tone.

[Notes] All beam actions must land on the beam; landings on the mat must be a 'Stuck Landing'.",,True
8162,https://x.com/Toshi_nyaruo_AI/status/2082743942421123535,"abstract art animation, hand-drawn, emotional kinetic transformation. {{Image 1}} through {{Image 2}} are five psychedelic and horror-inspired anime art compositions featuring glowing spiral-patterned irises, overlapping face collages, jagged lightning-like slashes, neon magenta/electric blue/violet palettes, shattered glass with water droplets, and claustrophobic intensity. Extract every form, motif, color, line quality, texture, rhythm, and emotional tension from the references. The animation must feel fast, alive, unstable, and emotionally charged. Every transformation seamless and continuous. No hard cuts. No static pauses except single-frame impact holds. Entire composition including background constantly transforms. All elements behave as if pulled by memory, gravity, heat, sound, and emotion simultaneously. [0-1.5s] A central abstract figure appears as if already in motion. Its inner color pulses outward in uneven emotional waves, while its outline tears away in multiple directions. The background bends around the figure like soft paper under pressure. Fine hand-drawn textures crawl across the surface faster than the main form moves, creating tension between body and skin. [1.5-3s] The detached outlines accelerate and become nervous thread-like forms. The figure's color core stretches into sharp ribbons and liquid stains simultaneously. Some ribbons snap back, others whip forward, each leaving a trembling residue. Empty spaces between moving parts ignite into new shapes, as if the composition is creating forms to fill its own emotional gaps. [3-4.5s] All forms suddenly surge diagonally across the frame. One large shape folds over itself like fabric, but the fold reveals a completely different texture beneath: grain, chalk, wet ink, and scraped paint all visible at once. The background follows the fold, twisting into a new color field. Smaller forms are dragged behind the motion, stretching into speed lines that remain alive and continue transforming. [4.5-6s] The composition fractures into several emotional forces: one calm, one violent, one fragile, one ecstatic. Each force pulls color from the others. Shadows appear before the objects that cast them, moving ahead like predictions. Original forms chase their own shadows, but the shadows mutate faster, becoming brighter, thicker, and more dominant than the objects. [6-7.5s] A rapid chain reaction begins. Every collision between forms produces a new motif taken from the references: fragments, symbols, textures, silhouettes, stains, lines, and color fields. These new motifs immediately accelerate in different directions. Trails do not simply fade — they harden into new bodies, then melt again, then split into smaller emotional echoes. [7.5-9s] The entire frame compresses toward a single invisible point near the lower center. All lines, colors, textures, shadows, and background layers squeeze inward at different speeds. Hold maximum compression for one single frame. Then everything explodes upward and outward with vertical smears, wobbling contours, and overshooting motion. Each element lands in a new position but continues vibrating from impact. [9-10.5s] Textures begin migrating between forms like exchanged emotions. A rough dry texture enters a fluid form, making it move in broken angular steps. A liquid texture enters a rigid form, causing it to sag, drip, and breathe. A glowing color texture passes into the background, making the entire environment pulse. Every form changes behavior based on the texture it receives. [10.5-12s] A cascade of rotations crosses the frame. Each form flips, twists, or turns inside out, revealing a hidden back face with a dramatically different color and emotional quality. Revealed faces reach toward neighboring forms like hands, hooks, flames, or waves. When touched, the next form rotates immediately, continuing the cascade faster and faster until the entire frame has transformed into a new emotional world. [12-13.5s] Boundaries dissolve everywhere at once. Forms merge, reject each other, separate, then merge again. New hybrid shapes inherit colors, textures, and motion behaviors from their parents but never become identical to them. The background no longer sits behind the forms — it becomes one of the forms, pushing forward, swallowing edges, and releasing new figures from within itself. [13.5-15s] Every previous process returns simultaneously at maximum speed: outlines detach, colors seep and drip, textures migrate, shadows lead, forms chase, trails solidify, hidden faces rotate, boundaries dissolve, backgrounds fold, and hybrid shapes multiply. Each element performs multiple transformations at once. Final second feels emotionally overloaded but visually intentional — a fast, hand-drawn abstract storm where every reference has been fully absorbed and transformed until the last frame.",,True
8117,https://x.com/RuzainaMeer/status/2082741313179685151,"A 15-second ultra-realistic cinematic action scene of a fearless woman battling a group of wild lions in an ancient desert arena.\n\nShot 1 (0–3 sec):\nExtreme wide cinematic shot of an ancient ruined arena surrounded by rocky mountains at sunset. A powerful woman wearing a rugged warrior outfit stands alone in the center while three massive lions slowly approach from the shadows. Dust moves through the air, dramatic atmosphere, intense tension.\n\nShot 2 (3–6 sec):\nLow-angle action shot as the lions charge toward her. The camera moves quickly around the scene as she dodges the first attack with incredible agility, sliding across the ground while dust explodes around her. Realistic lion movement, detailed fur, cinematic motion blur.\n\nShot 3 (6–10 sec):\nFast-paced combat sequence. The woman uses her skills and intelligence to fight back, avoiding attacks and overpowering the lions one by one. Dynamic camera angles, close-ups of her determined expression, slow-motion moments showing powerful movements, realistic physics and intense action choreography.\n\nShot 4 (10–13 sec):\nThe final lion makes a dramatic leap toward her. The camera rotates in slow motion as she blocks the attack and defeats the lion with a powerful final move. Dust fills the air as the arena becomes silent.\n\nShot 5 (13–15 sec):\nEpic hero shot. The woman stands victorious in the center of the arena as the defeated lions retreat into the distance. The camera slowly pulls back, revealing the vast landscape, golden sunset, wind moving her hair and clothes, cinematic victory moment.\n\nStyle:\nUltra-realistic Hollywood action film, epic scale, realistic animal movement, dramatic lighting, cinematic camera work, detailed textures, 4K quality, natural motion, intense atmosphere.\n\nNegative Prompt:\ncartoon, fantasy CGI look, unrealistic animals, blurry, bad anatomy, extra limbs, unnatural fighting, blood, gore, distorted face, flickering, low quality, watermark.",,True
8139,https://x.com/john_my07/status/2082734270960075106,"Create an authentic 15-second analogue home-video recording filmed with a handheld Hi8/VHS-C camcorder. The camcorder is never visible. The viewer only sees the recorded footage, as if watching a digitized family videotape. This is not a vlog, commercial, or cinematic film, just a friend casually filming another friend. Use genuine analogue camcorder aesthetics: soft SD resolution, VHS grain, faint interlacing, analogue colour bleed, mild tracking noise, autofocus breathing, slight exposure fluctuations, imperfect handheld shake, natural motion blur, washed-out colours, and subtle tape hiss. A young Korean woman in her early twenties wears a pastel fitted crop top, mid-rise vintage blue denim shorts, white ankle socks, classic white sneakers, a lightweight windbreaker tied around her waist, and carries a simple canvas shoulder bag. The scene takes place beside the Han River on a warm summer afternoon. She walks naturally toward the riverside railing before stopping to admire a massive floating HIGGSFIELD installation in the river. The word HIGGSFIELD is built from giant three-dimensional block letters, mounted on a realistic floating platform. The camera gently pans between her and the installation, keeping both in frame. She smiles naturally, takes a few steps closer, then notices the unseen camera operator. She laughs softly, gives a warm wave, points excitedly toward the giant HIGGSFIELD sign, gives a subtle thumbs-up, then looks back at the river with a smile before continuing her walk. One continuous 15-second recording with no cuts or transitions. The HIGGSFIELD installation must stay prominent, crystal clear, and naturally integrated into the environment. Include realistic ambient sounds such as wind, birds, distant conversations, bicycles, and water.",,False
8146,https://x.com/IamKuyikBassey/status/2082734087295443052,Create a young influencer advertising a product that's selling in the market now on Tiktok.,,False
8155,https://x.com/Soranlan/status/2082727491651702845,"[Overall Style] A realistic cinematic comedy featuring cute pets and a plot twist. Uses high-quality commercial film visuals with precise 'setup-expectation-payoff' visual rhythm, restrained performances, warm night market colors, wet reflections after rain, and tactile steam and smoke. The elegant and grand Xianxia spectacle isn't defeated by unexpected accidents or modern rules, but by the simple, direct appetite of a small animal. [Characters] Character ID A | Sword Goddess: The same 25-30 year old East Asian sword goddess from @image 1, strictly maintaining the oval face, sharp dark eyes, natural skin texture, long straight black hair, tall and slender proportions, white cloth boots, flowing white embroidered silk Hanfu, translucent layered wide sleeves, silver waist ornaments, jade hairpin, and silver long sword. Character ID B | Bicycle Girl: The same 25-30 year old East Asian bicycle girl from @image 2, strictly maintaining the face, ponytail, proportions, clothing, accessories, and bicycle. Animal Character: A small orange cat wearing a green collar sits under the same dining table. [Shot 1 | 0-5s | Low-angle wide tracking shot] A lively riverside barbecue night market after rain. Red lanterns, warm tungsten lights, rising barbecue smoke, stainless steel tables, plastic stools, tissues, bamboo skewers, puddle reflections, and a parked bicycle form stable spatial anchors. Character ID A as the sword goddess from @image 1. Character ID B as the bicycle girl from @image 2. The orange cat under the table. The sword goddess raises her silver sword and speaks majestically: 'Watch me summon the ancient beast.' Barbecue smoke and scattered tissues begin to swirl around her as heroic drumbeats intensify. [Shot 2 | 5-10s | Medium cowboy shot] The camera performs a slow, controlled wrap-around. The woman in the white silk Hanfu performs a hand seal as three miniature silver flying swords and glowing runes rotate around her. The background remains the same night market, table, bicycle, smoke, and cat. The orange cat walks through the magic light, completely ignoring the sword goddess, staring intently at a paper bag of sausages held by the bicycle girl. The sword goddess suppresses a proud smile and says: 'The beast only recognizes the strong.' The cat rubs against the bicycle girl's ankle and gives a soft meow. [Shot 3 | 10-15s | Close-up to extreme close-up] The orange cat paws at one of the floating silver swords. The sword immediately descends to let the cat climb on, then carries it toward the bag of sausages, with the other three swords following like royal guards. The bicycle girl holds up a sausage and says expressionlessly: 'It recognizes the sausage.' Extreme close-up of the sword goddess frozen in her casting pose, one eyelid twitching as her cool smile collapses. The frame freezes on her indignant side-eye as the cat's satisfied purring is heard. [Technical Requirements] Strict total duration of 15 seconds, 16:9 aspect ratio, 24fps, three clean cuts. Stable character identities, consistent clothing and props throughout. Realistic physics for the cat, hair, silk fabric, smoke, food, and swords. Synchronized generation of Mandarin dialogue, cat meows, purring, barbecue ambient sounds, and sword hums, with heroic music stopping abruptly. No subtitles, no extra foreground characters. [Negative Prompt] blurry, bad quality, low quality, low resolution, noisy, jpeg artifacts, watermark, text, error; deformed, mutated, bad anatomy, poorly drawn hands, bad composition, out of frame, disfigured; inconsistent character, changing clothes, face morphing, background shift, glitching cuts, disappearing props",,True
8120,https://x.com/bmx_ai13/status/2082719842810118640,Generate a highly realistic 15 second cinematic black and white video montage in a 16 to 9 aspect ratio synchronized to a heavy rhythmic underground hip hop music track. The sequence opens with a medium close up of a gritty shirtless young man with a buzz cut looking aggressively into a bathroom mirror and forming a gun shape with his hand while pointing at his own reflection. Cut rapidly to an extreme close up of a young man with curly hair staring intensely directly into the camera lens with a desolate urban concrete housing project out of focus behind him. The video features fast paced dynamic cuts matching the beat of the music. Transition to an extreme low angle shot looking straight up the center of a spiraling architectural concrete staircase. Cut to a wide deep focus shot of two men in vintage leather bomber jackets leaning on a wrought iron balcony railing overlooking a sprawling overcast Paris city street. Cut to a dark movie theater where a man turns around sharply illuminated only by the harsh beam of a film projector. Cut to an urban street at night where three silhouetted figures look out over a glowing city skyline. The cinematography mimics authentic 35mm film stock with heavy organic film grain deep shadows and blinding highlights. The lighting is exclusively high contrast monochrome emphasizing the raw textures of brick concrete and leather. The final shot is a symmetrical wide angle of a lone silhouetted figure standing in an abandoned warehouse illuminated by a single flickering overhead fluorescent light bulb. The overall aesthetic is raw urban realism,,False
8144,https://x.com/abs_uiux/status/2082719694851633502,"Style: Bright, energetic, vibrant TV/social media ad – fast-paced, upbeat, youthful, suitable for Nigerian audiences
Duration: 10 seconds
Visual sequence:
Opening: Close-up of a glossy Fizzo bottle/can, condensation glistening, bright sunlight hitting it
Action: Hand twists open the cap – crisp fizz sound, bubbles rising vividly
Shot: Ice cubes drop into a glass, Fizzo pours in with a sparkling stream
Scene: Group of smiling young friends laughing, sharing cold Fizzo at a hangout/park
Closing: Product shot with bold text: FIZZO – CRISP FIZZ, EVERY SIP!
Colors: Bright brand tones (red, blue, white), fresh, lively lighting
Audio: Upbeat catchy jingle + crisp fizz sound effect",,False
8119,https://x.com/Diplomeme/status/2082716684327211204,"FORMAT
15 seconds | 16:9 | live-action military documentary footage
Fictional aircraft-carrier emergency at sea.
Hyper-realistic raw footage.
Fast multi-shot storytelling across handheld, telephoto and deck cameras.

STORY
A carrier-based fighter returns over rough open water with an apparent mechanical problem. The flight deck enters emergency recovery mode. Crew clear the landing area as the fighter approaches and lands safely.

00–03s — EMERGENCY
Wide handheld footage on an active carrier deck under heavy overcast skies.

Strong sea wind, grey ocean, wet worn deck.

Crew receive an alert and urgently clear the landing area.

One crew member signals others away as the camera quickly turns toward the ocean.

03–06s — FINAL APPROACH
Hard cut to long telephoto footage.

A fictional fighter approaches low over the ocean, landing gear down.

Aircraft makes subtle roll and yaw corrections against turbulent air.

Heat distortion behind engines.

Camera operator struggles slightly to maintain framing.

06–09s — DECK SCRAMBLE
Shoulder-mounted footage among crew.

Personnel rapidly move equipment and take safe positions.

One crew member crosses foreground, briefly blocking the lens.

Camera pans toward the approaching fighter.

Controlled professional urgency, no theatrical panic.

09–12s — TOUCHDOWN
Low deck camera from a safe side position.

Fighter touches down firmly.

Landing gear compresses, tyres produce a small realistic puff, aircraft rapidly decelerates.

Camera makes a fast imperfect pan following it.

No explosion or exaggerated sparks.

12–15s — SAFE STOP
Three-quarter handheld footage.

Aircraft reaches a controlled stop, engine still running and heat haze visible.

Crew cautiously approach, signal toward the cockpit and inspect the aircraft.

Final frame holds briefly on the fighter surrounded by responding crew with rough ocean behind.

CAMERA
Real military documentation/news footage.

Mix handheld deck camera, shoulder-mounted footage, long telephoto tracking and fixed low deck camera.

Hard cuts.
Reactive pans.
Foreground obstruction.
Autofocus corrections.
Telephoto compression.
Wind-induced micro-shake.
Natural motion blur.

Camera operators react to events rather than anticipating them.

ENVIRONMENT
Working aircraft carrier in rough open ocean.

Wet non-slip deck, painted markings, deck equipment, parked fictional aircraft, heavy clouds and strong maritime wind.

PHYSICS
Aircraft has convincing mass, momentum and aerodynamic behaviour.

Approach remains aligned with the carrier.
Landing gear compresses naturally.
Deceleration has believable inertia.

Crew clothing and straps react continuously to wind.
Jet engines produce realistic heat distortion.

AUDIO
Powerful wind, ocean ambience, carrier machinery, shouted instructions, approaching jet roar, tyre contact, aircraft deceleration and crew communication.

Sound perspective changes naturally between shots.",,True
8147,https://x.com/MrDasOnX/status/2082705192198541406,"A radiant woman in her late 20s enjoys a luxurious, peaceful solo weekend getaway on the terrace of a stone villa in the rolling hills of Tuscany. She has long wavy chestnut hair loosely tied back, warm olive skin, and wears a soft linen white off-shoulder dress with delicate gold jewelry and bare feet. Maintain perfect facial consistency, genuine relaxed joy, and natural, unhurried movements throughout the entire video.
The setting features a flower-filled stone terrace with olive trees, climbing vines, terracotta pots of lavender and geraniums, a rustic wooden table, and distant golden hills under soft late-afternoon sunlight with gentle bokeh and warm cinematic color grading. Ultra-realistic, premium film-like photography, subtle film grain, smooth stabilized camera, gentle push-ins, slow orbits, and elegant rack focus in horizontal 16:9.
00:00–00:03 Wide establishing shot of the villa terrace as she steps out barefoot, smiling, carrying a woven basket of fresh fruit and a book. 00:03–00:06 Close-ups of her pouring sparkling water into a glass, arranging peaches and cheese on the table, and settling into a cushioned chair with soft laughter. 00:06–00:09 She reads a few pages of her book, then stretches contentedly, closing her eyes to feel the warm breeze. 00:09–00:12 She stands and walks to the terrace railing, leaning on it while gazing at the golden hills and taking a deep, peaceful breath. 00:12–00:15 Soft smile toward the camera as she raises her glass in a quiet toast to herself; scene slowly fades with warm bokeh and drifting petals.
Audio: Soft countryside breeze, distant birdsong, gentle rustle of leaves and linen, light acoustic Italian guitar, quiet page turns, and the soft clink of glass.",,True
8130,https://x.com/Lianaalane/status/2082700378437521838,"15-second ultra-realistic cinematic fashion commercial. A stylish young woman wearing a white tailored blazer, white fitted square-neck top, high-waisted white trousers, oversized black square sunglasses, a thin gold necklace, and small gold hoop earrings walks confidently outside a modern luxury café with floor-to-ceiling glass windows, cream patio umbrellas, wooden tables, and beige stone flooring. Warm golden-hour sunlight creates soft natural shadows. She gently adjusts her sunglasses, smiles subtly, and walks toward the camera with graceful, confident movements. Smooth gimbal tracking, shallow depth of field, cinematic bokeh, 85mm portrait lens, HDR, premium color grading, realistic skin texture, luxury editorial fashion style, ultra-realistic, 4K, 60fps. No text, no logo, no watermark, no outfit changes, no background changes, no extra people, no blur, no distortion.",,False
8116,https://x.com/AIwithZeeshi/status/2082685399143452750,"During a stormy night, an ancient glowing door suddenly appears in the middle of a dense forest. A lone explorer approaches cautiously, holding a lantern. As they slowly open the door, a blinding golden light reveals a breathtaking world filled with floating islands, giant waterfalls, glowing trees, and a sky with two moons. The explorer takes one step through the doorway, and reality instantly transforms around them—ordinary clothes become mystical armor as magical energy swirls through the air. Suddenly, the ancient door vanishes forever. A distant voice whispers, “You can never return.” The explorer looks toward the endless magical horizon as the screen fades to black. Ultra-realistic visuals, cinematic fantasy, volumetric lighting, dramatic camera movement, seamless transitions, movie-quality VFX, emotional atmosphere, highly detailed environments, and an epic cinematic ending.",,False
8143,https://x.com/bmx_ai13/status/2082677816269697045,A photorealistic cinematic scene of a muscular grey bulldog chained to a tree in a lush green backyard on a sunny day A sleek grey cat hits the bulldog with a red metal tray shattering its teeth into white shards The cat sweeps the shards onto the tray and mocks the furious dog The bulldog lunges violently but a thick rope violently snaps him back to the ground A tiny brown mouse appears and points at the dog laughing The cat dances just out of reach The bulldog leaps forward and grabs the cat squeezing tightly but the cat magically slips out of a fuzzy grey sweater leaving the empty sweater in the dogs paws The cat is now wearing a tight red onesie The bulldog freezes completely still mid lunge like a statue holding the empty sweater The camera zooms into a black circular iris transition opening up into a lavish dimly lit royal dining room with velvet drapes The grey cat is now lounging on an opulent red throne ringing a small golden handbell with a smug expression The tiny brown mouse struggles to walk while balancing a gigantic silver serving platter loaded with massive colorful domed food dishes on its head Cinematic lighting volumetric dust particles 8k resolution highly detailed fur textures shot on 35mm lens lively orchestral comedy music playing throughout Seedance 20 15 seconds 16 9 aspect ratio,,False
8156,https://x.com/Chengzilhy/status/2082674442598314135,"[Style] A contrast comedy short film combining a realistic industrial hydraulic press scene with a flat 2D anime sticker character. Industrial equipment and background maintain realistic photographic texture; Capybara Lulu remains in a pure flat 2D anime sticker style with cartoon color blocks and clear dark outlines. [Duration/Aspect Ratio] Approx. 14 seconds, 9:16 vertical screen. Fixed camera, continuous single shot, no cuts or transitions. [Scene] Realistic industrial workshop with a heavy metal workbench and a circular hydraulic press head. Capybara Lulu stands in the center from the first frame. [Character] Capybara Lulu: A chibi humanoid cartoon capybara, pale yellow body, large head, short limbs, wearing orange shorts and a yellow bib apron with an orange on its head. [Core Prop] Large industrial hydraulic press. [Editing] Single fixed frontal shot. All changes come from the movement of the press and Lulu's expressions and deformation. [Shot 1] Lulu stands on the workbench, swaying slightly, making soft 'un-wu' sounds. It looks up at the approaching press with confusion. [Shot 2] The press moves down. Lulu stares with wide eyes, arms raised nervously. [Shot 3] The press hits the orange on Lulu's head. Lulu, the orange, and the body undergo 2D squeezing deformation, widening as they flatten. Lulu screams as the sound becomes muffled. [Shot 4] Lulu is completely flattened into a paper-thin 2D sticker. Metal sparks and an impact sound occur. [Shot 5] The press rises. Lulu remains flat for a moment, making weak moans, then eyes turn into a grumpy squint. [Shot 6] Lulu restores in two stages: first bulging in the center, then snapping back into the original chibi proportions with a 'pop' sound. It immediately puts hands on hips, squinting and puffing out cheeks to make angry but cute protest sounds at the camera. [Sound Effects] No background music. Real industrial noise, mechanical hums, metal impact, and synchronized character voices that become muffled when flattened and clear when restored.",,True
8151,https://x.com/johnAGI168/status/2082673991957766453,"[Style] Olympic-style Platform Diving, mixed TV broadcast + cinematic texture (16:9 Cinematic, Photorealistic), super slow-mo, indoor diving hall with cool blue tones, national team level movements.
[Duration] 15 seconds.
[Scene] Indoor diving hall: 20m platform, anti-slip mats, clear blue pool below with shimmering light, audience blurred in the background, array of ceiling spotlights.
[Character] Protagonist@

[00:00-00:03] Shot 1: The Stillness. Low-angle wide shot: Protagonist stands at the edge of the 20m platform, toes gripping the edge, arms raised, the hall is silent except for the sound of water. Close-up: She takes a deep breath, chest rising, fingers tensed, eyes locked on the water below, jaw tightened. [Audio] Ambient hall sounds quiet down, only the light sloshing of pool water and one deep breath.

[00:03-00:05] Shot 2: The Takeoff. Side-view medium shot, fixed camera: She pushes down with her arms and legs, leaps off the platform, tucks her body into a tight ball at the peak, and starts spinning backwards like a wound-up gyroscope. [Audio] A dull thud of the takeoff, followed only by the sound of wind.

[00:05-00:10] Shot 3: The Flight (Super Slow-mo). Slow-motion, camera vertically follows the fall from the platform height: She completes three and a half back somersaults in a tucked position, the rotation is steady and clean, her body posture remains extremely tight in every rotation, water droplets spin off her hair and hang in the air; she suddenly opens her body after the rotation is complete, arms raised and joined in a straight line, pointing straight at the water surface, accelerating downwards, spotlights flash across her body. [Audio] The sound of wind is stretched in slow-mo, a subtle whirring of fabric during the spins, and a crisp 'shoo' at the moment of opening the body.

[00:10-00:12] Shot 4: Rip Entry. Normal speed, side-view at water level: She enters the water vertically like a needle, the entry point only creates a circle of small ripples and a few droplets, almost no splash, the water surface quickly returns to calm. [Audio] The entry is just a short, clean 'plop,' followed by the audience's gasps and applause bursting in the hall.

[00:12-00:15] Shot 5: Underwater + Rise. Underwater camera: Her body extends after entry, bubbles trailing behind in a straight silver column, she flips upwards in the blue water; cut to water surface shot: she breaks the surface, shakes her hair, wipes water from her face, looks towards the scoreboard and smiles, the frame freezes. [Audio] Low-frequency bubbling underwater transitions to the clear sound of breaking the surface, applause continues, freeze frame with a rising closing sound.

[Note] The smaller the splash at entry, the better (Rip Entry technique). The mid-air flips must have a compact posture and steady rotation speed, avoiding loose limbs.",,True
8158,https://x.com/ai_lifehack55/status/2082671682893042045,"[CONDITION DEFINITION]
No reference image. 15 seconds, 1:1 square, live-action, for sharing, with BGM. A high-quality, thrilling cinematic escape video set in a subway station at midnight. Heavy rain has damaged drainage facilities, and a large amount of muddy water is flowing into the station from the platform side. The video shows the crisis from the first frame, clearly depicting jumping over the ticket gate, closing shutters, collapsing floors, sharp turn obstacles in the middle, massive torrents of water, vertical escape, and final departure onto the ground within 15 seconds. Rather than just a continuous running sequence, change speed, screen direction, camera position, and action types step-by-step to create a clear rhythm throughout.

The protagonist is a 25-year-old white female. She is tall with long legs and a slender, sophisticated model-like physique, but not unnaturally exaggerated. Her light-brown semi-long hair is tied back low, and she has urban, well-defined features. Her clothing is a slightly formal outfit for normal commuting or outings: a burgundy slim tailored jacket, a white blouse, black slim slacks, and black low-heel ankle boots. Emphasize the gap of an ordinary elegant woman showing bold action in a sudden crisis, rather than wearing sportswear. No bags, hats, large accessories, or logos. Maintain the same person, hairstyle, and outfit across all cuts.

The main movement line inside the station is from left to right back. At 5.9 seconds, make a 90-degree turn once into a side maintenance passage to reach the emergency shaft beyond. Finally, escape upwards. The ground exit is a single open rectangular maintenance exit connected to the top of the shaft. Maintain this positional relationship and movement direction even if the camera cuts. The ticket gate jump at the beginning and the torrent and massive water column on the ground at the end serve as two strong accents.

[SEQUENCE DESIGN]
0.0–1.2s. High diagonal wide overhead shot. Muddy water gushes from the platform at the back left, and the protagonist in the center-left starts running toward the emergency shaft at the back right. Clearly show the crisis origin, protagonist, and escape direction in one frame.
1.2–3.0s. Low diagonal side camera runs parallel to the protagonist for a short time, capturing her fast approach to the ticket gate. She doesn't crash into the gate but jumps strongly just before it, lifting her entire body clearly over the turnstiles. Use a short slow-motion for about 0.4s from takeoff to the peak of the jump to clearly show her body and the space above the gate from the side. Return to real-time just before landing, re-accelerating simultaneously with a loud landing sound. Immediately after, the torrent behind destroys the gate.
3.0–4.5s. Low fixed camera placed beyond a waterproof shutter. The protagonist transitions from running into a low slide, passing through the final gap of the rapidly descending shutter. The shutter crashes into the floor the moment her toes pass.
4.5–5.9s. Short overhead shot nearly from above. The floor collapses continuously from behind; the protagonist switches direction from bottom-left to top-right and jumps diagonally to the remaining floor. The last floor tile she kicks collapses immediately after.
5.9–7.6s. A massive ceiling sign falls diagonally in front of the protagonist, starting to block the path. She doesn't slow down but makes a sharp 90-degree turn just before it falls, diving into a narrow side maintenance passage. The camera does a high-speed whip pan the moment she passes, strongly showing the change in direction. Immediately after, the huge sign crashes behind her, completely blocking the original path.
7.6–9.4s. Low fixed wide shot capturing the base of the emergency shaft. The moment she arrives, the shutter behind is destroyed by water pressure, and a massive torrent with white spray bursts into the passage. She doesn't stop, jumping onto the ladder with her last step. Make it a near-miss where the water reaches just below her shoes.
9.4–11.5s. Camera looking straight down from the top of the shaft. She maintains the momentum of the jump and climbs the ladder at high speed. The camera also pulls back rapidly upwards as the rising water level narrows the distance. She reaches the top of the single rectangular maintenance exit, places her hands on the edge, and the cut happens the moment her head and shoulders emerge on the ground.
11.5–15.0s. Low wide-angle shot capturing neutral night-colored ground road. Clearly separate rain droplets backlit in white from warm streetlights. Her whole body bursts out from the same rectangular maintenance exit, starting to run forward from the moment she lands on the wet road. She doesn't stop or look back, continuing her departure in an escape posture. Immediately after, a high-pressure massive water column gushes vertically from the same opening, with white spray exploding onto the night street. End with her already departing toward the front or diagonal front while running.

[VISUAL AND AUDIO DIRECTION]
The station interior is based on bright, clear neutral-white LED lighting with vivid amber and red emergency lights added. Walls are bright neutral grey, metal is clean silver, the wet floor has sharp reflections, and the muddy water contains many white bubbles and spray to separate from the background. Clearly show her burgundy jacket, white blouse, and natural warm skin tone. Prioritize bright exposure, transparent contrast, rich highlights, and sharp color separation for the shared video.
The BGM is primarily high-speed cinematic percussion, intensifying as the crisis escalates. Sound effects for landing, shutter impact, sign impact, torrent intrusion, and the final water column burst should be brought forward over the BGM.

[NEGATIVE]
Crashing into ticket gates, long slow-motion, changing into a different person or outfit mid-way, repeating the same rear-following shot, darkness where the situation cannot be identified, low-saturation images sunken in blue-green, stopping after escape or long lingering shots, adding rescue teams or other major characters.",,True
8132,https://x.com/imFarhanAi/status/2082665233336733836,"A mixed-media video featuring 2D anime characters @image1 @image2 and ultra-realistic live-action backgrounds @image3.

Create a cinematic basketball movie using @image1 as the main player, @image2 as teammates, @image3 as the outdoor urban basketball court, and @image3 as the golden-hour lighting atmosphere. Hyper-realistic sports broadcast aesthetic, dynamic handheld camera movement, cinematic depth of field, realistic sweat and jersey physics, smooth shot transitions, natural body proportions, photorealistic 8K quality.

Shot 1 (0-2s): Wide sunset shot. The main player dribbles aggressively past defenders while teammates spread out. Low-angle tracking camera follows fast footwork and bouncing ball, energetic crowd in background.

Shot 2 (2-5s): Medium tracking shot. Fast chest pass to teammate, followed by a smooth no-look behind-the-back return pass. Quick whip-pan camera movement follows the ball, defenders react late.

Shot 3 (5-7s): Cinematic close-up. The main player catches the ball and performs a hesitation dribble, intense focus toward the hoop, sneaker scrape sounds, dramatic sunset rim lighting, shallow depth of field.

Shot 4 (7-10s): Slow-motion finale. The main player jumps for a game-winning three-pointer. Orbit camera and slow dolly-in follow the ball into the net with realistic crowd reaction and cinematic sports-commercial ending. No onscreen text.",,True
8150,https://x.com/x_sanjin/status/2082663723798294785,"Camera: DV 16mm tape handheld feel, first-person POV, occasionally mounted aside. Handheld shake, composition offset, focus delay, awkward zoom, occasional face-cut composition, imperfect but realistic. Camera not in shot.

Image Texture: Soft, slightly blurry tape quality, light noise, overexposed highlights, auto-exposure flicker, low contrast, realistic skin tones. Light changes with scenes (warm dorm light -> cold car light -> bright stage light).

Style: Fast-paced montage, quick cuts between scenes, accelerated transitions. Voiceover overlaid, not lip-synced. Energy climbs from lazy morning to stage climax.

Character: CHASE, Korean idol, 20s. Long straight black hair, delicate Korean features, dewy skin, coral pink lips. Outfits change per scene: loose loungewear in dorm, casual in car, stage outfit for performance.

Scene Sequence: Dorm (morning) -> Van (day) -> Backstage/Stage (night).

Shots (15s, 5 shots):
Shot 1 (3s, Dorm, fixed, morning light): She stretches and rubs eyes, messy hair, grabs bag. VO: 'Every day starts too early.'
Shot 2 (3s, Van, handheld, window light): Sitting by window, sunlight passing face, checking phone. VO: 'This van is basically my second home.'
Shot 3 (3s, Van, macro close-up): Hand adjusting playlist, sun flickering through window. No VO, only ambient road noise.
Shot 4 (3s, Backstage, handheld, fast transition): Makeup and hair flash by, staff moving around, adrenaline starts to rise. VO: 'Then suddenly it's time to go on.'
Shot 5 (3s, Stage, long to close shot, high-energy ending): Stage lights brighten, her silhouette walks on, camera captures a final look then black. VO: 'It's all worth it for this moment.'",,True
8157,https://x.com/Soranlan/status/2082660298205376579,"[Overall Style] Movie-grade realistic texture, pure ancient Chinese Xianxia aesthetics. The first half establishes tension through supernatural suspense, while the second half flips into a restrained deadpan comedy. Uses classical white-space composition, cold moonlight, warm lantern light, dark blue and faded ivory tones, fine film grain, and directional sound misdirection. No modern elements. [Characters] Character ID A | Senior Sister: East Asian female from @image 1, 25-30 years old, oval face, fair skin, dark almond eyes, black hair partially held by a jade hairpin, tall and slender, wearing white embroidered silk Hanfu. She enters the courtyard holding a silver sword and a bronze lantern. Character ID B | Junior Sister: East Asian female from @image 2, 20-25 years old, round face, braided black hair, small stature, wearing green linen Hanfu and a white thin gauze layer, holding a bamboo script. [Shot 1 | 0-5s | Low-angle wide tracking] A desolate midnight stage at a mountain gate with wet stone, paper screens, and bamboo. The sister from @image 1 enters as a woman's crying and wood-dragging sounds are heard. [Shot 2 | 5-10s | Medium tracking] The senior sister approaches a paper screen as a hunched female shadow rises behind it. The junior sister screams 'Give me back my life!' while the senior sister draws her sword in a defensive pose as the camera zooms into the shadow. [Shot 3 | 10-15s | Close-up reveal] The screen slides open to reveal the junior sister in her green Hanfu and white gauze, holding a script and a wooden gavel. She asks with a smile: 'Sister, do I look like a ghost?' The senior sister, still holding her sword, replies expressionlessly: 'Yes. Half a step later, you would have been one.' Junior sister's smile vanishes. The frame freezes on the senior sister rolling her eyes as the horror music stops and the gavel drops. [Technical Requirements] 15 seconds, 16:9 aspect ratio, three coherent shots, synced Mandarin dialogue, realistic movement of lanterns, shadows, and fabric. [Negative Prompts] Same as previous.",,True
8121,https://x.com/NightcafeStudio/status/2082658750004171007,"Gritty 16mm cinéma vérité, authentic 1990s downtown Manhattan documentary footage, organic film grain, pure natural daylight, heavy shoulder-mounted handheld shake, no stabilization, soft focus falls, subtle light leaks, raw and elegant, lived-in realism.

0–3s: [Close Handheld Tracking] Young woman in her mid-20s, completely natural face with no makeup, soft features, wind-tousled hair, simple 1990s leather jacket and scarf. She walks past a corner newsstand on a downtown side street, steam drifting from a subway grate behind her. Camera stays tight on her profile and upper body as she slows for half a second, glances at the magazine covers, then looks toward camera with a quiet, unguarded expression. Instant natural beauty and presence.

3–7s: [Unsteady Following Shot] She continues into a sunlit granite plaza ringed with steps and handrails. Camera stays behind and slightly to the side, bouncing with every step. Teenage skaters are everywhere: pushing hard across the flat ground, popping ollies off the curb cuts, wheels clattering over the seams, pigeons scattering, office workers cutting through with coffee. Pure dynamism and street energy.

7–11s: [Handheld Medium] A skater grinds down the handrail beside the stairs and pops off the end just as she passes below — he lands rolling, cutting across her path so close his jacket brushes her sleeve. She doesn't startle and doesn't stop; she just tilts her head after him with a small amused smile, completely unbothered, like she's seen a thousand of these kids. He throws her a quick apologetic grin over his shoulder mid-roll. The plaza stays alive and chaotic around them.

11–15s: [Raw Tracking] She keeps walking through the plaza at the same easy pace, camera following close and imperfect, skaters weaving and regrouping behind her, the light shifting across her face between the buildings, and the natural rhythm of 1990s New York street life without ever settling.

Photorealistic 16mm film emulation, heavy organic grain, authentic period New York details, natural skin texture, imperfect handheld physics, subtle film weave, coherent motion, pure cinéma vérité texture, no artifacts, no text, no logos, 16:9 aspect ratio.",,True
8133,https://x.com/bmx_ai13/status/2082642080518549913,A cinematic live action sequence starting in a dimly lit gritty courtyard. A rugged warrior with dirt on his face meticulously grinds a thick wooden staff against a heavy stone wheel. Wood shavings and glowing sparks fly into the camera in extreme slow motion under a single shaft of natural sunlight. Suddenly the scene smash cuts to an explosive nighttime battlefield. A rapid fire cinematic montage of live action samurai warriors engaging in intense high speed sword fights. Massive bursts of practical fire and glowing orange embers explode from their clashing metal blades lighting up the dark foggy environment. Hyper realistic cinematic lighting with glowing particles swirling in the dark. Extreme close ups of the warriors with fierce determined expressions and sweat dripping from their faces. Dynamic sweeping camera movements spinning around the fast paced action. Shot on 35mm film with anamorphic lenses for natural lens flares and deep cinematic bokeh. Flawless photorealistic textures on armor skin and fire. Aspect ratio 16:9. Length 15 seconds. Seedance 2.0. Music prompt a heavy cinematic bass drop transitioning into a high energy orchestral rock hybrid with aggressive string staccatos and tribal war drums.,,False
8161,https://x.com/haruuraeadss/status/2082581520888570336,"High-quality anime video. Genre: Futuristic urban parkour. Continuous, uninterrupted parkour using high-density 3D toon/cel-shading.

Character Priority: Use Image 1 as the primary reference for face and identity. Use Image 2 (if available) for hair, outfit, build, and silhouette. Integrate features into one consistent character. Do not carry over backgrounds or UI from references. Only expression, breathing, and natural movement lag in hair/outfit should change.

Style: High-density 3D cel-shading with clear 2-3 step shadows and multi-layered highlights. Materials like leather, metal, and resin should have distinct textures. Rooftops should have controlled reflections. Cinema-grade precision, no generic 3D or realistic mixing.

Stage: Skyscraper rooftop at night after rain. An L-shaped path featuring a low rectangular duct, a perpendicular wall to the right, a gap between roofs, and a landing point. Neon reflections on wet floors should match character colors.

Parkour Action: Character is running at full speed. Performs a Kong vault over the duct (both palms touch simultaneously, knees tuck between arms). Without landing, redirects in mid-air toward the right wall. One distinct foot contact on the wall (wall-run/kick) to turn 90 degrees and launch across the roof gap. Precise landing on the far side (right foot then left), transitioning immediately into a sprint.

Camera: Starts wide following from low back-left. During the vault, a brief occlusion by the body serves as a transition to a frontal tracking shot at chest height. Maintains clarity of the 90-degree turn and the jump.",,False
8159,https://x.com/Naonekozamurai/status/2082579420682879189,"Use @Image 1 as a strict reference for the identity, faces, hairstyles, and outfits of two individuals, keeping the black-haired idol on the left and the short brown-haired idol on the right. @Image 2 serves as environmental design material for a massive cyber live venue; do not include 2x2 grids or white borders. High-definition theatrical anime style with a transparent cel-look for characters and deep cinematic CG for the venue. Featuring blue, cyan, and purple lasers, audio waveform LEDs, a packed audience, and countless blue glow sticks.

0-1.8s: Start immediately at the peak of the chorus. Ultra-wide front view, the two are already on center stage singing and dancing in sync. Lasers and glow sticks explode in light on the first beat as the camera zooms in fast.

[cut] 1.8-3.8s: Low-angle full-body shot, powerful symmetrical steps and arm swings synced to the beat. Hair, translucent sleeves, and ribbons sway with inertia. Cyan light waves spread from the floor with each step.

[cut] 3.8-5.9s: Frontal close-up, camera glides between them as they take turns singing to the lens and wink together at the end. Lips move in perfect sync with the female duo vocals.

[cut] 5.9-8.0s: Panning mid-shot, the two run to the front of the stage, reaching out to the audience. Glow sticks rise in unison and background LEDs react to the sound pressure.

[cut] 8.0-10.2s: Center full-body shot, the two spin back-to-back. Camera rotates in a semi-circle as cyan and purple light lines on outfits create circular trails.

[cut] 10.2-12.6s: Extremely low angle, the two jump simultaneously; a giant bluish-purple ring of light diffuses from the landing. Camera tilts up quickly to capture their smiles.

[cut] 12.6-15.0s: Camera zooms out smoothly to show the arena panorama. The two pose together with arms wide. LEDs, lasers, and sparks reach peak brightness at the final beat. The original J-POP music ends with a powerful chord, leaving a short echo of cheers.

Music: High-energy cyber J-POP at 160 BPM, 4-beat rhythm, synth arpeggios, bright female duo vocals, perfectly synced to the lighting and action.

Restrictions: Maintain consistency for the two characters in every cut. No extra characters, no face/outfit changes, no limb deformities, no watermarks, or text.",,True
8138,https://x.com/MystiqueLicorne/status/2082564250086817860,"mysterious glowing orb floats in an underground cave surrounded by eerie smoke, gradually expanding into a luminous portal. From the swirling vortex emerges a brunette woman in a red-and-black outfit and cape, riding a majestic dragon with intricate scales and spread wings, soaring heroically through the cave's warm magical glow, multi-shot, cinematic, best quality, 8k",,False
8075,https://x.com/Soranlan/status/2082349949816082798,"[Overall Style]
Deadpan supernatural reversal comedy, opening with real cinematic texture, disguised as an oppressive urban ghost story in the first half, revealing it as a common rainy night misunderstanding in the second half. Featuring cold cyan streetlights, warm light from a convenience store, reflections on wet asphalt, restrained facial performances, precise spatial staging, and a rhythmic transition from horror sound effects to comedic audio.

[Characters]
Character A | Sword Immortal Sister
Use @Image 1 as strict identity and costume reference: same 25-30 year old East Asian female, oval face, sharp dark eyes, long straight black hair, fair natural skin, tall slender figure, wearing white embroidered silk Hanfu, translucent layered wide sleeves, silver waist ornaments, jade hairpin, and white cloth boots.

Character B | Bike Sister
Use @Image 2 as strict reference: same 25-30 year old East Asian female, maintaining the same face, ponytail, body proportions, clothing, accessories, and the same bicycle covered by a translucent white raincoat.

[Shot 1 | 0-5s | Low Angle Wide Slow Tracking]
16:9, empty modern urban underground passage at night, heavy rain, concrete pillars, dripping pipes, flickering fluorescent lights, distant neon signs, scattered leaves, and heavy mist clearly visible. Character A stands fully in the light, holding the same silver sword. Character B silently approaches on the bike covered in the raincoat; the reflectors look like glowing eyes, a plastic bag flapping like a ghost's tongue. Low horror ambient sound, rain, and bike chain noise.

[Shot 2 | 5-10s | Medium Shot]
Character A suddenly turns, draws the sword, sleeves billowing, shouting: ""Show yourself, monster!"" The raincoat figure doesn't answer, gliding forward steadily. Camera tracks back at the same speed, horror frequency intensifies, then a small crisp bike bell rings.

[Shot 3 | 10-15s | Close-up to Two-Shot]
Character B brakes under convenience store light, lifts the raincoat hood, revealing the consistent face, saying expressionlessly: ""Sister, I just got off work. You're the one who looks like a ghost."" Heroic sword sound stops instantly. Extreme close-up: Character A looks at her white Hanfu, hides the sword behind her back, nods while trying to remain cool, one eyelid twitching slightly. Freeze on Character B staring at her.

[Technical Requirements]
Strict 15s duration, three shots, stable character identity, coherent motion direction, realistic physics for rain, hair, and fabric, native Mandarin dialogue and spatial audio, no subtitles. Optimized for Seedance 2.0 multimodal input.

[Negative Prompts]
blurry, bad quality, low quality, low resolution, noisy, jpeg artifacts, watermark, text, error; deformed, mutated, bad anatomy, poorly drawn hands, bad composition, out of frame, disfigured; inconsistent character, changing clothes, face morphing, background shift, glitching cuts, disappearing props",,True
8069,https://x.com/ImaStudio_ai/status/2082347272290079076,A quiet luxury automotive commercial for a classic Mercedes-Benz 190 SL featuring a Kodak film look.,,False
8065,https://x.com/oggii_0/status/2082342525570879887,"[HIGHEST PRIORITY — STRICT HAND ROLES AND ORIENTATION] The hand roles must remain fixed throughout the video: The photorealistic adult RIGHT HAND is solely responsible for stir-frying and operating the one and only spatula. The photorealistic adult LEFT HAND is solely responsible for taking away the glass chili flake jar. The left hand must never touch the spatula. No more than one real human hand may be visible in any frame. The left and right hands must never appear simultaneously. The RIGHT HAND enters only from the bottom-right corner. Its wrist remains connected to the bottom-right edge of the frame, the back of the hand faces the camera, and its thumb is clearly positioned on the screen-left side, pointing toward the center. The right hand holds the only wooden-handled metal spatula in the entire video. The LEFT HAND enters only from the upper-left side. Its wrist remains connected to the upper-left edge of the frame, the back of the hand faces the camera, and its thumb is clearly positioned on the screen-right side, pointing toward the center. The left hand enters empty-handed and only takes the chili flake jar. It never holds a spatula, spoon, or other kitchen utensil. Use a strict relay sequence: 00:00–00:03: only the spatula-holding right hand is visible. After the chili flake stream stops, the right hand places the only spatula flat inside the wok and completely leaves the frame. Only after the right hand has fully disappeared, from 00:03.2–00:03.8, the empty left hand enters, takes away the chili flake jar, and completely exits. Only after the left hand has fully disappeared may the right hand return at 00:03.8 and pick up the same spatula from the wok. Never show both hands simultaneously. No same-direction hands, mirrored hands, duplicated arms, floating hands, or extra palms. [FORMAT AND COMPOSITING STYLE] A 10-second, horizontal 16:9 comedy video in a single continuous photorealistic first-person cooking POV. Slight natural handheld movement only. No cuts and no transitions. Use a fixed widescreen composition: One black wok remains slightly left of center. Tang Tang and one small wooden stool remain on the right. Both the wok and Tang Tang remain fully visible without blocking each other. The kitchen, wok, glossy beef and vegetables, steam, chili flakes, glass chili flake jar, single spatula, wooden stool, condiment bottles, sink, window, and adult human hands must remain photorealistic and obey believable physical behavior. Tang Tang must remain a completely flat 2D chibi anime sticker throughout the video, with subtle crayon and paper grain, a clean dark-brown outline, and a complete white sticker border. She must have zero 3D volume, realistic skin, volumetric lighting, plastic depth, clay texture, or realistic cast shadow. [FIXED REAL KITCHEN] A lived-in, photorealistic home kitchen viewed slightly downward from the cook's eye level. The only black wok stays slightly left of center. Glossy beef and green vegetables sizzle inside it while natural steam rises. A white tiled wall and power outlet remain in the background. Soy sauce and cooking oil bottles stand against the wall. A stainless-steel sink is located in the rear-right area. Natural daylight enters through a side window. Maintain the same kitchen, camera position, 16:9 framing, geography, and left-right orientation throughout the entire video. [CHARACTER IDENTITY LOCK] Tang Tang is the only character. She is a young, energetic chibi sticker girl with two-head-tall proportions, an oversized round head, tiny limbs, and a small, soft round tummy. Her face is round, with big round sparkly eyes, rosy round cheeks, a small button nose, a cheerful gap-tooth grin, and a tiny freckle dot on each cheek. Her black hair is styled in two high bouncy pigtails held with bright yellow scrunchies, with short blunt bangs across her forehead. She wears: A mustard-yellow and white striped short-sleeve top A pastel-pink pinafore apron with a small fruit print Solid teal denim overall shorts White canvas slip-on shoes She has no text, numbers, logos, jewelry, or additional accessories beyond her hair scrunchies. Tang Tang remains seated on the single wooden stool beside the right side of the stove. Her height is approximately half the diameter of the wok. She behaves like a lightly elastic sheet of printed paper and may only squash or stretch in a flat cartoon manner. Her round head, high pigtails, bangs, striped top, pink pinafore apron, teal overalls, white canvas shoes, and round tummy must remain completely consistent throughout the pouring, reaction, crying, feeding, and collapsing actions. [00:00–00:03 — RIGHT HAND STIR-FRIES, TANG TANG POURS THE CHILI FLAKES] Only one photorealistic adult RIGHT HAND is visible. The right hand enters from the bottom-right corner, with its thumb on the screen-left side, and continuously holds the one and only wooden-handled metal spatula while stir-frying the beef and vegetables. It must never touch, support, cover, stabilize, or tilt the chili flake jar. Tang Tang makes a mischievous grin. Using her own two clearly visible 2D sticker hands, she independently hugs and lifts a photorealistic glass jar of dried red chili flakes larger than her head. Tang Tang personally raises, rotates, and tilts the jar toward the wok. The full weight and rotation of the jar are carried exclusively by her two 2D hands. A dense stream of realistic red chili flakes falls only from the opening of the jar held by Tang Tang and forms a visible red mound over the beef and vegetables. No real human fingers or hands may appear near the chili flake jar during this action. Audio: continuous food sizzling and a dry, papery stream of chili flakes pouring. [00:03–00:03.2 — RIGHT HAND LEAVES] The chili flake stream has completely stopped, and the red mound is clearly visible. The real right hand places the one and only spatula flat inside the wok, then completely exits through the bottom-right edge. At this moment, no real human hand is visible. The only spatula remains motionless inside the wok. [00:03.2–00:03.8 — LEFT HAND ALONE TAKES THE CHILI FLAKE JAR] Confirm that the real right hand has completely disappeared. Only one empty photorealistic adult LEFT HAND enters from the upper-left side, with its thumb clearly on the screen-right side. The empty left hand takes the glass chili flake jar directly from Tang Tang's two 2D hands, then exits completely through the upper-left side while carrying the jar. The left hand must never touch the spatula. The only spatula remains motionless inside the wok and must not duplicate. [00:03.8–00:05 — RIGHT HAND RETURNS AND USES THE SAME SPATULA] Confirm that the real left hand has completely disappeared. The same photorealistic right hand returns from the bottom-right corner, with its thumb still on the screen-left side. It picks up the same spatula that was previously placed inside the wok. The right hand lifts this single spatula from the wok toward Tang Tang's head along one continuous trajectory. Once the spatula has left the wok, no second spatula or spatula-shaped utensil may remain inside the wok. The right hand gives Tang Tang an impossibly light, harmless cartoon tap on the top of her head using the flat side of the same spatula, then returns that same spatula to the wok. With a ""DUANG"" sound, a flat red cartoon bump pops onto Tang Tang's head. Her paper body bounces vertically once, her eyes open wide, and her two 2D hands hold her head. Only the right hand is visible. The left hand is absent. Audio: a light metallic ""DUANG"" and one cartoon spring sound. [00:05–00:08 — RIGHT HAND FEEDS TANG TANG] Only the same photorealistic right hand and the same single spatula remain visible. Tang Tang's eyes become flat spiral cartoon eyes. Two bright blue, flat 2D sticker fountains of tears shoot sideways from her eyes. The right hand uses the same spatula to scoop a small bite of be",,True
8049,https://x.com/AIwithZeeshi/status/2082322058579530145,"A stylish young woman walks through a crowded city street during golden hour. With a simple snap of her fingers, time freezes instantly—cars stop mid-motion, birds remain suspended in the sky, raindrops hang in the air, and every person becomes perfectly still. She calmly explores the silent world, walking between frozen moments with cinematic tracking shots and breathtaking visuals. She then notices a little girl moments away from being struck by a falling construction sign. While time stands still, she gently moves the child to safety. With one final snap, time resumes. The sign crashes harmlessly to the ground, the crowd continues as if nothing happened, and the mysterious woman quietly walks away with a smile. Ultra-realistic visuals, emotional storytelling, golden-hour lighting, seamless transitions, and a powerful cinematic ending.",,False
8062,https://x.com/Diplomeme/status/2082321822717227434,High-end fashion runway footage set in Paris featuring a detailed couture gown and realistic camera movement.,,False
8061,https://x.com/AiwithLariab/status/2082320700552155226,"A cinematic, high-budget commercial style for Starbucks featuring cosmic coffee visuals and luxurious aesthetics.",,False
8048,https://x.com/AIwithkhan/status/2082315935248257437,"Use the uploaded reference image as the exact character reference. Preserve her facial identity, hairstyle, eye color, makeup, skin tone, body proportions, delicate necklace, and facial consistency throughout every shot. Replace her current outfit with a fitted white sleeveless crop top, white pleated mini skirt, and white sneakers. Maintain realistic hand anatomy, natural expressions, and perfect character consistency.

Create a premium mango juice commercial with a bright tropical summer aesthetic. The hero product is a realistic branded mango juice bottle featuring a vibrant orange label with fresh mango illustrations, green leaf accents, and a premium fruit juice logo. The bottle design must remain identical throughout the commercial.

The video opens with the girl already on screen, standing in a sunlit tropical kitchen while holding a perfectly ripe mango beside her face. She smiles warmly at the camera, playfully tosses the mango into the air, and as it spins, it magically transforms into the chilled branded mango juice bottle. She catches it confidently, smiles, and says,

""Taste summer in every sip.""

A cinematic macro sequence follows. Extreme close-ups showcase the bottle covered in sparkling condensation as golden mango juice splashes, fresh mango cubes, crushed ice, tropical leaves, and tiny water droplets explode around it in slow motion. Warm sunlight glistens beautifully across the premium label.

She twists open the bottle with a satisfying crisp pop, takes a refreshing sip, closes her eyes for a moment, and smiles naturally as if enjoying the first taste of summer.

The scene transitions to a lively tropical fruit market. Smooth handheld and gimbal shots follow her as she strolls between colorful fruit stalls, greets friendly vendors, samples fresh mango slices, laughs naturally, and carries the branded mango juice bottle while browsing baskets overflowing with ripe tropical fruit.

She then arrives at a lush mango orchard during golden hour. She reaches up to pick ripe mangoes from the trees, fills a woven basket, and joins her friends for a relaxed picnic beneath the orchard canopy. Everyone enjoys the same branded mango juice while laughing, chatting, sharing fruit, and soaking in the warm evening sunlight.

The final hero sequence shows her standing alone in the orchard as the sun sets behind endless rows of mango trees. She walks toward the camera with a bright smile, extends the chilled mango juice bottle close to the lens, and says,

""Pure mango. Pure happiness.""

The camera slowly pulls back to reveal the glowing orchard, golden sunset, gently swaying leaves, and friends celebrating together in the background before fading out.

Style: Premium beverage advertising, luxury commercial cinematography, ultra-realistic fruit textures, realistic liquid physics, glossy product photography, cinematic handheld and gimbal camera",,False
8030,https://x.com/Shorelyn_/status/2082315151982915843,"The subject is the young woman from Image 1. Her face shape, facial features, and skin tone must match Image 1 exactly, and any facial alteration is strictly prohibited. Only the face is taken from Image 1. The white top visible in Image 1 must not appear. Sleeveless tops, camisoles, tank tops, and white tops are all strictly prohibited.

The outfit remains exactly the same for the entire 15 seconds. Black turtleneck, dark brown leather jacket, black straight leg denim jeans, black Chelsea boots, and low tied hair. The hairstyle also remains fixed, and there are no outfit changes between scenes. The only outerwear change occurs once: from 6 to 8 seconds she sits down, removes the jacket, and places it on her lap, then from 10 to 12 seconds she puts it back on. Even while the jacket is off, she is still wearing the same black turtleneck underneath.

9:16 vertical format, iPhone handheld texture, editing rhythm of 0.5 to 1 second, and no single shot exceeds 2 seconds. The only exception is the final ending hold.

Maintain real skin texture with visible pores, baby hairs, and natural skin oil. Beauty filters, excessive retouching, CG texture, and cinematic color grading are prohibited. Golden hour lighting, orange backlighting, film grain, and noise are also prohibited.

Camera imperfections are used only once in each specified section. From 0 to 2 seconds, indoor to outdoor exposure delay. From 2 to 4 seconds, autofocus hunting. From 10 to 12 seconds, digital zoom quality degradation. All other sections must remain sharp.

Whenever signs, menus, or price boards enter the frame, all text must remain completely out of focus. Background people are shown only as out of focus silhouettes. The face is always captured directly by the camera, never through reflections. Stainless steel reflective surfaces may only show lights and clothing. Do not include close up shots of knives or knife blades. Do not create shots where the feet, shoes, or legs are the main subject.

No on screen captions. No shot merging or omissions. The subject does not speak.

Audio consists of low volume lo fi background music layered with the sound of oil sizzling on a hot plate, ventilation fan humming, bowls and ladles clinking, and distant crowd ambience. No human voices.

Night at Gwangjang Market Arcade, walk in, finish one plate, then return to the passage

0 to 2 seconds
At the entrance of the market arcade, she walks in from the dark outdoors beneath rows of ceiling incandescent bulbs. The camera tilts upward and sweeps across the ceiling, revealing rusted steel trusses and tangled electrical wiring in a wide shot. As she enters the brightly lit interior, the exposure lags slightly, causing the screen to briefly overexpose before settling. As the camera lowers to her face, she squints slightly from the sudden brightness.

2 to 4 seconds
She walks through the narrow passage. Each food stall is lit by fluorescent lights with different color temperatures. A shoulder height handheld camera follows her from the front, while people on both sides remain only as blurred silhouettes. The illuminated signs at the end of the passage bloom, and all lettering stays completely out of focus. Autofocus hunts twice between the crowd and her face before locking on. She tucks her chin and slightly raises one shoulder in response to the surrounding noise.

4 to 6 seconds
She stops in front of a hot plate food stall. The light source is the blue flame beneath the griddle. A macro shot captures oil droplets jumping from the heated steel plate while white steam rises in columns. As the steam reaches her face, she squints, tilts her head back, and wipes her nose from the smoky air. She looks at the camera for only 0.5 seconds.

6 to 8 seconds
She sits inside the stall seating area and removes the leather jacket, placing it on her lap. Underneath she continues wearing the same black turtleneck. The light source is a bare incandescent bulb overhead. A tight shot captures the long reflection of the bulb across the stainless steel countertop and the wrinkled texture of the plastic canopy covering it. As the plastic chair slides backward, she steadies herself with her shoulders, raises her eyebrows from the heat, and exhales.

8 to 10 seconds
She remains seated in the same place. The lighting combines the incandescent bulb with fluorescent light from the neighboring stall. A tight shot shows a brass bowl, a well worn ladle, and a wooden chopstick holder tied together with a rubber band arranged on the counter. She takes one bite from the plate in front of her using one hand. Because the food is hot, she parts her lips slightly and exhales. The final second is an unexplained insert shot of a single empty plastic chair gently swaying beyond a gap in the canopy.

10 to 12 seconds
She stands up, puts the jacket back on while standing, and after fully wearing it, walks back into the passage. The light sources are the red warming lamp of a neighboring display case and the blue light from a refrigerator. The handheld camera follows her as alternating red and blue light sweeps across the medium shot. As the camera digitally zooms toward a distant red light at the end of the passage, the image quality noticeably degrades. She blinks several times from the glare.

12 to 15 seconds
She stands still facing forward in the middle of the passage in a full body shot. Behind her, the steel arcade ceiling and rows of incandescent lights extend toward a distant vanishing point in a wide shot. During the ending hold, only the camera moves with a very slight handheld shake. She looks at the camera for 0.5 seconds, then shifts her gaze to the side and remains standing.",,False
8029,https://x.com/AIwithSynthia/status/2082312181274849490,"Create a premium 16:9 storyboard infographic for an Instant Ramen ASMR commercial using the uploaded image as the exact character reference, maintaining perfect facial consistency throughout. Design a clean white creative agency layout with the title ""STORYBOARD – INSTANT RAMEN – ASMR NOODLE EXPERIENCE"" and top info cards for Duration, Style, Audience, and Audio. Arrange 6 rounded storyboard panels with numbered badges. Show: (1) girl smiling while presenting the ramen cup, (2) opening the lid and adding seasoning, (3) pouring hot water with rising steam, (4) stirring noodles with chopsticks, (5) lifting and slurping noodles, (6) final hero shot with ramen and a thumbs-up. Add playful white doodles like HELLO!, OPEN!, SPRINKLE!, POUR~, STIR!, SLURP!, YUM!, PERFECT! Include VISUAL, ACTION, and DIALOGUE sections below each panel and an Audio Experience (ASMR Only) box at the bottom. Use cozy bedroom lighting, warm tones, luxury commercial styling, cinematic macro food photography, photorealistic steam, shallow depth of field, elegant brown accents, polished client-pitch presentation, 16:9 widescreen, and no timestamps.",,False
8047,https://x.com/Zyrellix/status/2082311559221489807,"A 3D Disney Pixar style animation of a tired young woman sitting in a modern skincare aesthetician chair looking sad with visible dark under-eye circles and tired eyes. An elegant female aesthetician wearing black gloves gently examines her skin. Cut to close-up shots of high-end skincare treatments: applying a clear glowing sheet mask with a soft brush, a golden facial oil droplet falling onto smooth skin, soothing LED light therapy shining overhead, and a gentle facial massage. The final scene shows the young woman looking into a mirror with glowing, flawless, radiant skin, gasping in joy and smiling brightly with genuine happiness. Soft warm studio lighting, cinematic, hyper-detailed, 8k resolution, smooth 3D character animation.",,False
8063,https://x.com/noorlewisx/status/2082308088636522660,"A high-energy, photorealistic commercial prompt for Red Bull featuring macro shots and dynamic action.",,False
8083,https://x.com/ai_lifehack55/status/2082300959913632057,"[CONDITION DEFINITION]
15 seconds, 1:1 square, for sharing, no reference image. The battleship Yamato is depicted as one of the largest super-dreadnought battleships of the WWII era, with a total length of approximately 263 meters and a width of 39 meters. From the first frame, it is in the midst of a wave-like general attack by US Navy carrier-based aircraft. Damage from numerous bombs, torpedoes, and proximity explosions accumulates, finally resulting in a single fatal massive explosion originating from the center of the hull, deciding the sinking. Bright and clear high-quality live-action war movie footage. Clearly separate colors for the vibrant blue sky, blue to blue-green sea, dark gray steel hull, white water pillars, orange explosive flames, and thick black smoke.

[SUBJECT / SCALE]
The main subject is the battleship Yamato. A full-scale super-dreadnought with a long and wide hull, massive main turrets, a tall tower-shaped bridge, and numerous anti-aircraft guns. The carrier-based aircraft are clearly smaller than Yamato and attack one after another from multiple directions. Yamato does not sink from a single attack, but reaches its final fatal blow through the accumulation of a general assault.

[SHOT / FLOW]
0.0-2.1s: High diagonal overhead wide shot from the front-left. Showing the long overall length of the battleship Yamato large in the center of the screen. Numerous small carrier-based aircraft cross at high speed from the left, right, and overhead, with anti-aircraft fire, bomb hits, and irregular water pillars occurring over a wide area. The camera does not follow the aircraft.
2.1-4.2s: Medium-altitude diagonal overhead wide shot closer to the right side. Maintaining an angle where the hull from bow to stern is readable, with multiple formations from different directions crossing the foreground, middle ground, and background at high speed. Attacks on the deck and surrounding the hull continue, with fires and black smoke increasing.
4.2-5.8s: High-altitude super overhead wide shot. Fixed camera. Only one small dive bomber descends at high speed toward Yamato from the top of the screen, drops a bomb, and then exits to the side in an instant. Maintain Yamato's full length and the small size of the aircraft in the same frame.
5.8-8.3s: Super low altitude just above the sea surface. The camera moves at a furious speed directly above the crests of the waves, with sea spray splashing violently toward the front of the screen and beside the lens. Rapidly approaching the giant Yamato in front; the torpedo body is not shown large, but approaches below the port waterline along with a white torpedo wake on the sea surface. A massive water pillar taller than the hull rises upon impact.
8.3-12.2s: Maintaining a high diagonal overhead wide shot closer to the left side as a single continuous shot. Yamato is the maximum target within the frame, with carrier aircraft groups crossing continuously at high speed from the front, sides, and overhead. Torpedo wakes, direct bomb hits, proximity explosions, irregular water pillars, and anti-aircraft fire concentrate across the long hull. Do not stop the attack; increase only fire, black smoke, damage, and speed reduction. No fatal massive explosion until 12.2 seconds.
12.2-15.0s: Maintaining the same diagonal side wide shot and battle flow. As the attack continues, the accumulated damage reaches its limit, and a single fatal massive explosion occurs starting from a final direct hit to the center of the hull. Do not make it independent spherical fireballs or multi-stage explosions; integrate the orange-white explosive flames, thick black smoke, shockwaves, and water splashes erupting horizontally from the hull center. Keep Yamato's hull and the explosion's origin in the same frame; the camera does not move much, ending with a slightly wider panorama.

[CAMERA / EDITING]
Front-left diagonal overhead → right-side diagonal overhead → fixed super overhead dive attack → sea surface super low-altitude torpedo tracking → front-left diagonal overhead continuous general attack → fatal massive explosion in the same shot. Do not use rear diagonal overhead. Do not track aircraft; represent speed by having them cross the screen in an instant. The camera moves violently in a straight line only in the torpedo scene.

[SOUND]
Sound effects only. Sounds of numerous aircraft, whistling wind, anti-aircraft fire, exploding bombs, torpedo hits, splashing water, creaking steel, continuous hits, and the final giant explosion. No BGM, dialogue, or narration.

[NEGATIVE]
Rear diagonal overhead, camera following aircraft, straight tracking except for the torpedo scene, angle of view too close, composition where aircraft look larger than Yamato, repetition of similar overhead cuts, changing cut order, omitting the torpedo scene, fatal massive explosion before 12.2s, development where the attack stops midway, listing, capsizing, hull breaking, multi-stage spherical fireballs, explosions separated from the hull, night battle, dark and dull tones, modern fighters, jets, missiles, kamikaze, text, subtitles, logo, human injury, corpses, miniature feel, toy feel, cheap CG representation.",,True
8028,https://x.com/Lianaalane/status/2082293306516734198,"A stunning young businesswoman stands in a luxurious, sunlit modern kitchen with white marble countertops, sleek cabinetry, and minimalist interior design. She wears a perfectly tailored navy blazer and matching pencil skirt over a crisp white blouse, carrying a small black leather handbag with gold hardware. Her dark brown hair is styled in a soft low bun with loose face-framing curls. She looks down with a gentle, confident smile, then slowly raises her gaze toward the camera while elegantly adjusting her handbag. She takes a few graceful steps forward with natural body movement, relaxed shoulders, and poised posture. Warm golden-hour sunlight streams through the large windows, creating soft highlights and cinematic shadows. The camera begins with a medium shot and performs a slow cinematic dolly-in, maintaining shallow depth of field with creamy background bokeh. Ultra-realistic skin texture, subtle facial expressions, realistic fabric physics, natural hand movements, smooth walking animation, premium luxury lifestyle aesthetic, photorealistic, HDR, 4K, 24fps, soft color grading, high-end commercial fashion advertisement, stable camera, no flickering, no distortion, no extra fingers, no artifacts.",,False
8064,https://x.com/bmx_ai13/status/2082280951296487813,A stylized 35mm film aesthetic 'Get Ready With Me' video featuring an East Asian male in a vintage apartment.,,False
8051,https://x.com/ShamiWeb3/status/2082278935954665727,"PROMPT 1 — ""THE ELIXIR"" (0–15 seconds)

0–3s: Exterior establishing shot — the clocktower observatory looms over a fog-drowned city skyline at midnight, its great clock face glowing violet. Wind screams past cracked windows. The camera pushes toward a glowing round window, then glides seamlessly through the glass into the observatory. Inside, gears grind, orbs of violet fire drift lazily near the ceiling, star charts flutter on their pins.

3–6s: Camera circles slowly to reveal Dr. Vex standing atop a spiral staircase platform beside a massive brass astrolabe rig. She holds up a swirling silver-violet elixir in a cracked crystal flask, admiring it like a jewel. Her silver topknot catches the firelight. Below her, Milo and Senna trade a worried glance.

6–10s: She uncorks the flask with a sharp crack — violet smoke coils upward. She lifts it toward the astrolabe as it groans and spins faster. Camera pushes into close-up on her face, calm and certain. She drinks it in one motion. The apprentices freeze, bracing. Nothing happens for a beat. She smiles, satisfied, and begins to speak.

10–15s: Her smile locks in place. Silence. Her fingers twitch, one by one. Silver-violet light spiderwebs beneath the skin of her throat and jaw. Her pupils contract to pinpricks. The astrolabe overhead lurches and sparks. Every violet flame-orb in the room flares and dims in unison. Glass instruments rattle off their shelves. Her spine arches backward with a sharp crack. Her head lolls, then rises slowly — eyes now milky white, mouth stretched into a grin too wide to be human. A low, grinding growl rolls through the tower. The apprentices stumble back against the railing. The thing that was Dr. Vex turns its head toward them.

PROMPT 2 — ""THE COUNTER-REAGENT"" (15–30 seconds)

15–18s: The transformed Vex descends the last few stairs toward the apprentices, movements jerky and unnatural. She lunges and seizes Milo by the vest collar, hoisting him half off his feet. He kicks and yelps, goggles askew.

18–22s: Senna's eyes dart across the cluttered workbench without breaking her stare on Vex. She spots a small vial of glowing amber counter-reagent tucked among the star charts — the one Vex brewed ""just in case,"" Senna always suspected. She edges toward it, slow, silent, one hand out.",,True
8076,https://x.com/Soranlan/status/2082278216383746196,"[Overall Style]
Cinematic realistic restrained reversal comedy, using elegant Xianxia cinematic language and precise spatial staging. Humor comes from status reversal. Designed for Seedance 2.0's character locking, multi-prop coordination, and native audio-visual synchronization.

[Characters]
Character A: 25-30 year old East Asian Sword Immortal Sister from @Image 1. Strict adherence to face, hair, and white silk Hanfu. She floats half a meter above ground with a sword rotating around her.
Character B: 25-30 year old East Asian Bike Sister from @Image 2. Strict adherence to identity and bicycle.

[Shot 1 | 0-5s | Low Angle Wide Slow Tracking]
Modern Chinese city rooftop bike platform at sunset. Character A is floating proudly. Character B enters pushing her bike, looking in awe.

[Shot 2 | 5-10s | Medium Shot]
Camera orbits slowly. Character B asks: ""Sister, can you really ride a sword?"" Character A replies calmly: ""A little."" Character B rings her bike bell once. In the background, six bikes vibrate and ring back rhythmically.

[Shot 3 | 10-15s | Wide to Close-up]
The six bikes rise into a giant circular ""Bicycle Sword Array"" behind Character B. She steps onto her floating bike and says: ""I usually commute with this,"" then glides away. Character A's sword hides behind her legs. Extreme close-up of Character A's frozen smile and twitching eyelid.

[Technical Requirements]
Strict 15s, three clean shots, stable faces/clothes, realistic physics for bikes/fabric, accurate Mandarin lip-sync, precise bell synchronization, no subtitles.

[Negative Prompts]
blurry, bad quality, low quality, low resolution, noisy, jpeg artifacts, watermark, text, error; deformed, mutated, bad anatomy, poorly drawn hands, bad composition, out of frame, disfigured; inconsistent character, changing clothes, face morphing, background shift, glitching cuts, disappearing props",,True
8050,https://x.com/AI__TSUBAKI/status/2082244573271900206,"Night retro old-town street, cinematic CG, high-fashion girl group MV mood, shallow depth of field, cool-warm color grade.

0-2s: Medium shot, slow arc left. [image2] stands under a streetlamp, lifts her eyes to camera. Focus locked on [image2].

2-5s: Camera keeps arcing left, focus pulls forward. Blurred figure [image2] in the foreground resolves into a low-angle close-up, turning to face camera. [image2] blurs into bokeh.

5-9s: Camera pulls back, panning left. [image3] recedes to mid-ground. [image4] walks in from the left, filling the foreground. Focus shifts from [image3] to [image4].

9-12s: Camera arcs around. [image4]falls back. [image1] walks in from the right into a foreground close-up. Focus moves to [image1].

12-15s: Wide shot, camera pulls back and rises, then settles. Four members line up in a power stance — [image2] center, [image3] and [image4] on the sides, [image1] closing. Stone arches for depth, streetlamps forming a light trail, wet reflective ground.",,True
8086,https://x.com/Naonekozamurai/status/2082217032590688531,"Title: ""The End of the Water Slider is a Summer Festival""
Use the person in the reference image as the main character. The protagonist is an adult woman, the same person as in the reference image. Faithfully maintain features of face, hairstyle, hair color, body type, and expression. The costume is a simple and elegant bikini swimsuit. Photorealistic, movie quality, ultra-high definition, realistic water representation, cinematic lighting, 24fps, 15 seconds, 16:9.

0-3s
Large water park. The protagonist smiles at the start of the water slider. She waves to the staff with expectation and starts sliding vigorously. The camera follows from the front or diagonal front, focusing on her expression. Water splashes, hair fluttering in the wind, dynamic camera work. Bright and fun summer atmosphere.

3-8s
Switch to POV (first-person) perspective. Only the protagonist's extended legs are visible at the bottom of the screen. Sliding at high speed through a cylindrical water slider. Completely sealed tube with no view of the outside. The water flows vigorously, banking greatly left and right. Blue and white lighting flows at high speed to create a sense of speed. Water droplets on the camera, realistic racing feel. Finally, strong light shines from the exit.

8-11s
The protagonist bursts out of the water slider exit. The arrival location is a Bon Odori festival venue held in a night park. In the center is a large tower decorated with lanterns, and many people in yukata are dancing in a circle around it. The protagonist stands up wet, eyes wide, looking around. Initially unable to understand the situation, she freezes for a moment with a surprised expression. A wide pull-out shot shows the water slider exit, the protagonist, the tower, and the dancing people simultaneously.

11-15s
Though confused, the protagonist immediately smiles and begins to dance, mimicking the movements of those around her. Initially a bit awkward, she quickly catches the rhythm and dances happily while raising both hands. Water droplets fall from her wet hair and skin, but neither she nor the people around care. She blends into the Bon Odori circle with a big smile. Finally, the camera rises slightly to show the protagonist and the people in yukata dancing happily together, enveloped in the light of the lanterns.

Visual Style/Directional Specifications:
Photorealistic live-action movie quality. Warm and nostalgic atmosphere typical of a Japanese summer festival. Soft lighting from red and orange lanterns. Natural placement of yukata, towers, drums, and food stalls. Realistic representation of water, wet hair, skin, and droplets. High-speed action in the first half. Bright and fun surreal comedy in the second half. Clear depiction of the transition from surprise to a smile. Natural hand and foot movements for Bon Odori. Consistent character face, hair, body, and swimsuit design throughout. Avoid overly sexual camera angles or body emphasis. No dialogue, subtitles, text, logos, or watermarks. Avoid face distortion, hand/finger distortion, body deformation, unnatural joints, or multiplication of people. Depict as a bright, healthy, and fun summer festival comedy. The festival venue is not submerged in water.",,True
8060,https://x.com/LadyyEth/status/2082180209756053793,"【Style】Epic Zodiac Action, Live-Action VFX, Extreme Environments of Celestial Starlight and Venomous Darkness, Gritty Battle-Worn Visual Quality, High-Speed Photography, Realistic Physical Destruction. 

【Duration】15 seconds

 【Scene】The center of a cursed zodiac battlefield with permanently altered terrain. On the left, shattered celestial ruins, broken stone arches, blue-gold constellation light, elevated sniper-like terraces, and cold wind sweeping through ancient structures; on the right, poisoned black rock, bubbling venom pools, hanging chains, ritual pillars, and thick rolling violet toxic mist. In the middle, a fractured dead zone filled with drifting dust, poison vapor, and cold star-lit haze. 

【Characters (Humanized Description)】 Sagittarius Champion: Wearing dark blue and gold celestial combat armor, lean and battle-hardened, with a sharp and resolute face, a hunter’s focused eyes, and glowing blue-gold constellation lines running across his body. Scorpio Champion: Wearing black-violet segmented execution armor, pale and predatory, with a cold lethal face, low stalking posture, and toxic purple cracks glowing through the armor and flesh like living poison. [00:00-00:05] Shot 1: Zodiac Awakening and Environmental Reshaping. Wide-angle/Surrounding Shot. Two facing off. 

【Sagittarius Side】The Sagittarius Champion crushes a tiny glowing zodiac orb in his hand, the Sagittarius symbol blazing inside, and blue-gold celestial force instantly forms a divine Astral Longbow. Constellation lines ignite across the shattered ruins behind him, the arches glow with cold starlight, and gusts of wind sweep dust and glowing particles through the elevated terraces. 

【Scorpio Side】The Scorpio Champion crushes a tiny glowing zodiac orb in his hand, the Scorpio symbol burning inside, and black-violet toxic force instantly forms a massive Venom Tail Chain ending in a giant scorpion stinger blade. The poisoned ground beneath him cracks open, venom pools boil and hiss, hanging chains rise and rattle, and giant scorpion-shaped ritual marks spread across the black stone floor. [00:05-00:10] Shot 2: Celestial and Venom Close Quarters Combat. Rapid Action Cuts. Intense close-range physical combat. 

【Action Design】The Scorpio Champion instantly lashes forward with the Venom Tail Chain, striking at high speed with whipping venom arcs. The Sagittarius Champion counters with rapid evasive movement, a near-point-blank astral shot, and defensive close-range bow motion. Scorpio follows with another brutal stinger strike aimed across the body, while Sagittarius twists aside and fires again at almost no distance. 

【Physical Feedback】The venom chain strikes celestial force and broken stone, instantly triggering toxic vapor bursts, shattered rock fragments, metallic chain recoil, and blue-gold star",,True
8059,https://x.com/NababUddin2/status/2082149973609828805,"Creates a nostalgic, handheld 16mm camcorder aesthetic for a personal vlog set in a park.",,False
8035,https://x.com/noorwithwifi/status/2082137877979582595,"A cinematic night rescue scene: a two-story house is engulfed in flames as firefighters battle the blaze with water hoses and flashing emergency lights. A terrified young boy cries for help behind a window while his mother and the crowd panic outside. An older, strong-built man with a white beard, white shirt, and black bow tie bravely prepares to enter the burning house. He climbs the exterior stairs, breaks through a window, fights through smoke and flames, rescues the child, and jumps from the upper floor using a tree branch to land safely. The crowd cheers as he holds the boy, ending with an emotional close-up of the hero smiling warmly. Ultra-realistic, dramatic Hollywood style, intense fire effects, cinematic lighting, emotional orchestral music, high-detail action sequence.",,False
8054,https://x.com/unxinstudio/status/2082134290595545298,"CHARACTER : [REFERENCE IMAGE] wearing casual home clothes, hair loose, relaxed expression

LOCATION
A small modern guesthouse room at night, clean minimalist interior with smooth neutral walls, simple contemporary furniture and a low platform bed with crisp linen sheets, a soft warm LED strip and a slim modern lamp giving dim light, a flush modern door across the room, and just outside that door an open-air walkway of a modern boutique guesthouse with clean concrete flooring, a sleek glass and metal railing, minimalist planters, and soft recessed downlights glowing along the ceiling, dark quiet night beyond

STYLE
Cinematic realistic horror short film, multishot with clean cuts between distinct camera setups, ARRI Alexa Mini LF, Cooke S7/i anamorphic prime, shallow cinematic depth, low-light night interior, desaturated cool palette with warm accents, Kodak Vision3 250D grade, fine natural 35mm grain, deep shadow falloff, photorealistic, unhurried naturalistic pacing

SHOT
Shot 1
Extreme close-up on the character's face lying sideways on the bed in the dark, eyes half-lidded and lazily scrolling, the cold blue phone glow flickering across their skin, calm and sleepy, then a doorbell suddenly rings offscreen and their eyes snap wide open with a startled flinch, they slowly push the blanket aside and sit up on the edge of the bed without hurrying, looking toward the door with a confused frown.

Shot 2
Tracking shot following behind the character as they walk slowly and calmly across the dark room toward the door, and while still walking they speak uneasily ""I didn't order anything, who is that"".

Shot 3
Close-up on the character's hand slowly turning the modern door handle and pulling the door open into the dark night outside.

Shot 4
Shot from outside on the open-air walkway looking back at the character standing in the lit doorway facing outward, a plain black box clearly visible sitting on the concrete floor just outside the door at their feet, the character leans their head out past the doorframe and looks outward to the left along the empty walkway then turns and looks outward to the right, searching the dark night and finding nobody there, then finally lowers their gaze down to the black box at their feet.

Shot 5
Low angle close-up on the plain black box sitting on the floor outside at the character's feet, then the character crouches down into frame, hesitates a moment, and picks it up with both hands.

Shot 6
Medium shot inside the room as the character carries the black box to the bed and sets it down carefully on the mattress, then kneels beside it leaning over the box and reaches for the lid.

Shot 7
The view from inside the box looking upward in total darkness, the lid lifting open to reveal the character's face peering down into the box from above lit from the side, first puzzled and frowning as they try t",,True
8040,https://x.com/Naiknelofar788/status/2082133507212759350,"Inside a traditional Japanese countryside farmhouse, a young Japanese woman and a young Japanese man turn an ordinary homemade dinner into a memory they'll never forget. She playfully steals the last bite of perfectly grilled river fish with her chopsticks, sparking a lighthearted chopstick battle filled with genuine laughter and warm chemistry. They continue sharing steaming rice, miso soup, seasonal vegetables, handmade pickles, and freshly brewed green tea while exchanging quiet conversations and comfortable silence. As the evening slows, they gently toast with handcrafted ceramic cups before sharing a single ripe strawberry, ending the night with peaceful smiles as rain softly falls outside.

Shot with nostalgic handheld cinematography, warm lantern light, authentic Japanese farmhouse interiors, vintage Kodak Vision3 35mm film texture, subtle film grain, soft cinematic depth of field, realistic skin texture, natural micro-expressions, physically accurate body movement, gentle focus breathing, emotionally rich storytelling, and the quiet warmth of a timeless Japanese slice-of-life film. Every frame should feel like a genuine memory captured on film rather than a polished commercial, with ultra-photorealistic 8K HDR live-action quality and an intimate atmosphere where the smallest moments carry the deepest emotions.",,False
8077,https://x.com/chnziho274821/status/2082126077955359018,"Create a high-end lifestyle beverage advertisement featuring the same young East Asian woman throughout the entire sequence. Maintain the same facial features, soft light brown long wavy hair, glowing skin, body proportions, and clothing in every frame. She wears a fitted black ribbed crop top, light blue ripped high-waisted jeans, white sneakers, silver hoop earrings, layered silver necklaces, sunglasses resting on her head, and a small white shoulder bag. The modern downtown is filled with murals, cafes, boutiques, rooftop terraces, and high-end juice bars, with a vibrant summer atmosphere, bright natural sunlight, luxury commercial photography style, a fresh green and white color palette, inspired by fresh apples. The video begins with her smiling confidently at the camera, standing outside a stylish juice bar. She notices a chilled sparkling apple drink displayed on ice, picks it up excitedly, turns the bottle next to her face as water droplets sparkle in the sun, then smiles and says, ""Freshness starts here!"" A cinematic macro hero shot shows the chilled apple drink surrounded by crisp green apples, ice cubes, sparkling water droplets, and fresh mint leaves. She twists open the cap, making a satisfying crisp pop. A slow-motion close-up captures tiny bubbles surging up as she sips, her smile immediately brightening. She walks confidently through colorful downtown streets decorated with murals, planters, cafes, and boutique storefronts. A smooth handheld tracking shot follows her as the breeze naturally blows her hair. She casually browses stylish boutiques, tries on sunglasses, admires windows, and continues to enjoy her apple drink. She meets friends at a trendy rooftop cafe overlooking the city skyline. They embrace, laugh together, order light meals, and place chilled apple drinks on the table while enjoying the warm afternoon sun. As the golden hour approaches, the group walks across the rooftop terrace. Music from a nearby street performance inspires impromptu dancing and joyful moments. Handheld and stabilizer shots capture authentic laughter, hair swinging, and vibrant choreography, with everyone holding their apple drinks. The celebration continues as they gather at the edge of the rooftop at sunset. Warm golden light illuminates the skyline as everyone raises their chilled apple drinks together, laughing and enjoying the view. Cinematic close-ups capture sparkling water droplets and realistic liquid flow inside the bottles. Final cinematic hero shot: the young woman walks toward the camera holding a chilled apple drink, placing it directly in front of the lens. The city skyline sparkles behind her, she smiles warmly and says, ""Stay fresh. Stay vibrant."" The camera slowly pulls back to reveal the stunning rooftop skyline, sparkling sunset, friends celebrating together, and the vibrant downtown atmosphere. Use only natural ambient sounds: city atmosphere, footsteps, cafe chatter, birds chirping, gentle breeze, boutique doors opening, shopping bag rustling, bottle cap opening, bubble fizzing, ice clinking, rooftop conversation, laughter, distant street performers, rustling leaves. No background music, no subtitles, no logos, no watermarks, and no on-screen text. High-end commercial quality photography, ultra-realistic skin textures, realistic liquid physics, dynamic handheld and stabilizer camera movements, physically accurate lighting, shallow depth of field, vibrant green and crisp white palette, luxury beverage advertisement, 16:9 widescreen, 4K HDR.",,False
8042,https://x.com/CharaspowerAI/status/2082118937760747672,"Premium dark heroic-fantasy, insane sakuga, hyper-dynamic camera choreography, monumental scale, explosive stone physics, dramatic cloth movement, cinematic lighting, clean full narrative ending.

0–4s: A lone armored knight stands on a shattered bridge above a bottomless canyon while a colossal stone titan rises from the ancient ruins. Lightning flashes behind enormous floating mountains. Slow push-in on the knight drawing a glowing sword.

4–8s: The titan brings down one massive fist. The knight sprints forward, jumps across falling bridge fragments and runs along the titan’s arm. Fast tracking shot, rotating camera, extreme scale contrast and powerful impact animation.

8–12s: The knight reaches the titan’s shoulder, dodges sweeping stone spikes and drives the glowing sword into a bright rune beneath its neck. Energy cracks spread across the titan’s entire body.

12–15s: The titan freezes, separates into thousands of glowing stone fragments and falls harmlessly into the canyon. The knight lands on the remaining bridge section and lowers the sword as sunlight breaks through the storm. End on an epic hero frame.",,True
8039,https://x.com/Goodmanprotocol/status/2082116468733534381,"Main Subject:
Young Korean woman in her early 20s with a natural everyday appearance, realistic skin texture, minimal makeup, expressive eyes, warm and approachable personality. She wears a faded charcoal-grey sleeveless crop top, loose high-waisted light-wash jeans, black canvas sneakers, and a simple black cord necklace. Her black wavy hair is tied in a messy side ponytail with soft wispy bangs. Maintain identical facial identity, hairstyle, clothing, proportions, and accessories throughout the entire video.

Location:
A quiet Japanese-style suburban neighborhood during golden hour, lined with cherry trees, small traditional homes, narrow streets, overhead power lines, blooming flowers, and a peaceful stream crossed by a small wooden bridge. Soft summer breeze, birds chirping, and warm sunlight create a calm nostalgic atmosphere.

00:00–00:03
She walks outside her house, smiles softly, unlocks an old vintage bicycle, and gently pushes it onto the quiet street. Natural body language, subtle breathing, realistic hand interaction, handheld documentary-style camera.

00:03–00:06
She begins riding slowly through the peaceful neighborhood. The camera lightly jogs behind her with gentle handheld movement. Her ponytail sways naturally in the breeze as sunlight filters through the trees.

00:06–00:09
She happily rings the bicycle bell while riding past blooming flowers and tree-lined streets. Her smile feels genuine and effortless, with realistic micro-expressions, blinking, and natural eye movement.

00:09–00:12
She slows down and stops beside a small wooden bridge overlooking a narrow flowing stream. The camera moves around her as she quietly enjoys the peaceful scenery while leaves gently move in the wind.

00:12–00:15
She looks back toward the camera with a warm nostalgic smile before riding away into the golden sunset. The camera lingers as she disappears down the quiet street, leaving a calm, emotionally memorable ending.

Visual Style:
Ultra-photorealistic live-action, 8K HDR, cinematic handheld documentary camera, natural micro-shakes, Kodak Vision3 35mm film look, soft film grain, warm golden-hour lighting, physically accurate global illumination, volumetric sunlight, realistic skin pores, natural hair simulation, accurate cloth physics, premium cinematic colour grading, shallow depth of field, subtle lens breathing, emotionally immersive slice-of-life storytelling, every frame indistinguishable from a high-budget feature film.",,True
8068,https://x.com/chnziho274821/status/2082109564150055025,"The girl in Reference Image 1 begins dancing. The camera remains completely still throughout, without zooming, panning, or tilting. The angle is low, slightly looking up, as if a phone were placed on a low cabinet. The framing is three-quarters: from mid-thigh to the top of the head, with the subject filling the height of the frame. Throughout, she wears the mask from Image 1 and Image 2, a light grey short-sleeved tight T-shirt, and dark grey high-waisted tight leggings. Actions follow a timeline: In the first four seconds, she clenches her right fist and punches towards the camera rapidly. Each time the fist reaches the closest point, it almost touches the lens, filling the frame and slightly blurring, then quickly retracts, repeating five times to the beat. She then brings her hands back and starts dancing: turning 45 degrees to face the camera, weight on one leg, hips rocking left and right to the beat, with shoulders and hips twisting in opposite directions to create smooth body waves. Arm movements are close to her body and face, with wrists turning and fingertips skimming her neck and hair. She makes small turns to change direction, with long hair swinging and flying. Finally, she reaches towards the camera again. The visual maintains the lighting and texture of the reference image: flat front lighting from a ceiling lamp, faint shadows on the wall, warm yellow white balance, standard mobile phone quality, not sharp, resembling a casual daily video. Fingers remain clearly structured and natural throughout.",,False
8070,https://x.com/chnziho274821/status/2082100655406379397,"The exact same adult female as in Reference Image 1—identical face, hairstyle, clothing, and body proportions. She performs an intense K-POP girl-crush solo dance, featuring confident hip sways, deep body rolls, fluid body waves, thigh isolations, sharp waist movements, and natural hair flips. Use a dynamic multi-camera music video setup. Start with a smooth 360° tracking shot, then switch between full-body dance steps, upper-body close-ups, waist-to-hip close-ups, rear three-quarter angles, and dramatic low-angle shots. Keep the choreography clear and continuous. Use close-ups as brief rhythmic inserts while showcasing her full body for most of the dance. End with a slow low-angle push-in shot as she turns to the camera with a confident expression. Warm skin tones, deep teal shadows, cinematic lighting, subtle film grain, realistic skin and fabric texture details, high-end K-POP MV and fashion commercial style, 24fps. Adapt to the attached character image. Maintain consistent face, clothing, and body proportions throughout.",,False
8072,https://x.com/newtonmark13/status/2082100302480626158,"Shot with an IMAX 70mm film camera using handheld dynamic tracking, an intense, raw hand-to-hand fight scene in a dark, grimy chemical laboratory at night. The footage is filled with authentic film grain, slight gate jitter, and handheld breathing. Cold cyan-green color grading, strong motion blur, and imperfect framing with alternating Dutch angles and dramatic low-angle perspectives. 16:9, cinematic high detail. An East Asian woman, about 35 years old, with shoulder-length black hair wildly swinging with inertia during action. Her face has fresh scratches and bruises; her eyes are sharp, brows locked, and lips tight, full of anger and power. She wears a refined, flowing white silk slip dress with thin straps. The thin silk fabric flips, rotates, and shows slight tearing during intense movements, the flying hem contrasting sharply with the violent action. Skin features realistic pore textures, sweat reflections, and scratch details; muscle tension and rapid breathing are visible during movement. Consistent identity, clothing, hair, and appearance throughout the video. A male attacker, about 40 years old, solidly built, in dark long-sleeved top and pants messy from the struggle, with blood and swelling on his face. The scene is an abandoned chemical laboratory at night: peeling white walls revealing cement and rust, rows of rusted metal lab benches and shelves, scattered broken glass tubes and beakers on the concrete floor, a lopsided metal trolley, and flickering overhead lights casting shifting cyan shadows. Dust particles float in the air, with chemical residue patches and reflective broken glass on the floor. The fight sequence begins with a handheld side tracking shot of the struggle, a close-up of the woman's fierce expression, hair and white silk dress hem flying, dust kicked up by action. Suddenly she performs a jumping whirlwind kick hitting the man's head; the man's head deforms under the strong impact, lips break and bleed, and he loses balance, crashing heavily into a lab bench, smashing many glass instruments with a sharp shattering sound. Upon landing, the woman delivers a series of heavy punches to the man's torso. During the struggle, the man grabs one of her arms and counters, hitting her face. Close-up of her angry expression as she shouts, delivering rapid kicks to the man's ribs and abdomen; the man retreats clutching his belly. She follows up with a throw, slamming him to the ground, and uses her elbow for consecutive heavy strikes with a dull thud, then dramatically rotates to pin the man's chest with her knee. The man struggles to grab a test tube from the floor to stab her side but misses. He suddenly stops moving. The woman stands up forcefully, hair flying, spits on the man's face, and walks around toward the camera in a heroic stance, low-angle handheld tracking. The crunching sound of her feet on broken glass echoes in the empty lab, with audible heavy breathing. Emphasize realistic physics: the tumbling and tearing of silk fabric with air resistance, natural inertia of swinging hair, force of strikes and body swaying, particle splashes of breaking glass, rising dust, character breathing, and gravity feedback. Handheld camera shows obvious shaking, brief loss of focus, and motion blur during rapid kicks and rotations; the operator's tracking movements lead to off-center framing, and flickering lights cause slight exposure fluctuations. Realistic particle effects, cinematic natural lighting and film texture, emotional empowerment tone, high-detail 4K cinematic quality. Ending with her walking toward the foreground breathing heavily, the frame retaining handheld imperfection and subtle breathing rhythm, gradually centering on her before cutting to black. Only natural ambient sounds and on-site audio: heavy breathing, thuds of strikes, rustling and tearing of silk dress, sharp shattering of glass, dull metal impacts, the woman's angry shouts, the man's painful groans, and the crunching of glass underfoot. No background music, no sound design, no narration.",,False
8078,https://x.com/0xPikki/status/2082096405368172705,A weary warrior walks through a misty field at dawn and lies down to rest in the flowers.,,False
8037,https://x.com/Aqsahere_/status/2082095403185418319,"DV 16mm handheld tape camcorder POV by CHASE with natural handheld shake, soft tape grain, delayed autofocus, imperfect framing, muted colors, and realistic early-2000s camcorder quality. CHASE, a Korean idol in her 20s with a long black ponytail, wearing a modest long-sleeve athletic top, loose joggers, and white sneakers, finishes her workout and walks to the stretching area. She props the camera on a bench, slowly stretches her legs, back, and shoulders on a yoga mat while smiling naturally, drinks water, rolls up the mat, picks up her gym bag, looks into the camera, and says, ""Recovery is just as important as training. See you next time!"" before giving a warm wave and ending the recording. The video should look completely photorealistic with natural body movement, consistent facial features, accurate proportions, and no visual glitches.",,False
8044,https://x.com/saniaspeaks_/status/2082087523782955477,"A young woman (image = her face and hair) is seated by the window of a high-speed train, filming a realistic travel vlog from one fixed camera angle near the tray table. She smiles at the camera and says in Korean, ""혼자 여행 시작!"" As the train moves, beautiful countryside passes outside the window. She takes a sip of coffee, captures a photo of the scenery with her phone, then happily shows the photo to the camera. A few moments later she watches the sunset outside, smiles softly, and says, ""정말 예쁘다."" As the train arrives at the station, she picks up her backpack, waves warmly, and says, ""도착! 다음에 또 만나요."" She reaches toward the lens to stop the recording. Shot in live-action photorealism with a locked camera, natural train ambience, realistic skin texture, soft daylight, no background music, no subtitles, no logos, and no CGI or AI-plastic appearance.",,False
8079,https://x.com/johnAGI168/status/2082078588971462878,"[Style] Weekly OOTD Car Edition, 16:9 Cinematic Photorealistic, shallow depth of field, Anamorphic Look, with lighting and atmosphere switching per car, smooth rhythmic transitions.
[Duration] 15 seconds.
[Scene] The interiors of five different cars. The camera is positioned at the passenger seat facing the female lead. The scenery outside the window is blurred and moving; the interior, lighting, and environment switch entirely with each outfit change.
[Character] Female lead @Image 1 (face and hairstyle remain consistent with the character card, long black hair draped over shoulders).
[Camera Lock] Consistent composition throughout: camera fixed on the passenger side, medium-close side profile of the female lead driving. Hands and body orientation remain consistent between segments. Each segment features a signature small gesture, ending with a hard cut to the next outfit and car.

[00:00-00:03] Monday: German Sedan x Business Style. Black leather interior, morning light from the side window, dashboard glowing with amber ambient light. White shirt with grey vest, one hand on the wheel, the other sipping coffee. Subtitle: ""Monday"".
[00:03-00:06] Tuesday: Vintage Car x Hepburn Style. Beige cloth seats, wooden steering wheel, warm afternoon light. Black dress, scarf, cat-eye sunglasses. Subtitle: ""Tuesday"".
[00:06-00:09] Wednesday: Off-roader x Workwear Style. Mechanical interior, noon sunlight, slight vehicle bouncing. Khaki tank top, denim shorts, baseball cap, turning the wheel. Subtitle: ""Wednesday"".
[00:09-00:12] Thursday: Convertible at Sunset x Vacation Style. Open top, golden-red sunset light, hair blowing back. Apricot strap dress, gold-rimmed sunglasses, reaching hand out of the window. Subtitle: ""Thursday"".
[00:12-00:15] Friday: Supercar at Night x Red Dress Finale. Carbon fiber interior, red ambient light, neon streaks outside. Red deep-V dress, pushing the gear lever, smiling at the camera, freeze frame. Subtitle: ""Friday"".

[Sound Effects] Engine sounds changing per car style (low sedan idle -> vintage engine click -> off-road tire noise -> convertible wind -> supercar roar), layered with upbeat BGM and click transitions.",,True
8087,https://x.com/airina_xyz/status/2082078005774463295,"J-pop dance routine, cool moves, multiple shots. She sings: 
Sparkling, look, smile! ✨
Thump-thump, let's grab our dreams!
Jump into the pink sky
Let's sing ""You can do it!""

My heart will never stop
The future is colorful today too
Anywhere as long as I'm with you
Ready, set, Happy Days!",,False
8052,https://x.com/rabk0p/status/2082074088474837313,"a rider cutting through misty pine trees on a dirt trail, camera specs detailed enough to include panning, low-angle tracking, and mud kicking up in slow motion.",,False
8041,https://x.com/Lianaalane/status/2082071309929115959,"Ultra-realistic cinematic luxury lifestyle ad of a fit blonde woman arriving in a premium electric car at a modern hillside villa during blue hour. She steps out confidently, walks through the elegant outdoor space, drinks from a stainless steel bottle, and enjoys a peaceful evening. Warm cinematic lighting, shallow depth of field, smooth gimbal tracking shots, soft bokeh, natural body movement, luxury atmosphere, 4K HDR, ARRI Alexa 35, premium commercial quality.",,False
8032,https://x.com/noorwithwifi/status/2082066290408407386,"A futuristic black-and-yellow armored military gunship hovers above a stormy battlefield, with a burning industrial base below covered in smoke. The aircraft transforms as a massive rotary cannon deploys from its nose, charging with a powerful blue energy core. It unleashes a devastating energy beam toward the enemy shoreline, creating shockwaves and a massive explosion that destroys the base. The gunship then pivots through the smoke, retracts its weapon, and flies away with glowing thrusters. Ultra-realistic sci-fi action, cinematic lighting, dramatic atmosphere, high-detail VFX.",,False
8053,https://x.com/SeharShinwari/status/2082061214042009930,"Style: Ultra-realistic, cinematic winter documentary, 4K HDR, natural lighting, shallow depth of field, smooth camera movement, soft colour grading, peaceful atmosphere. Maintain the same woman throughout every scene (mid-20s, natural appearance, long dark brown hair tied in a loose ponytail, cream knitted sweater, dark leggings, wool socks, no makeup-heavy look).

Scene 1 (0–3s)

Aerial drone shot of a small wooden cabin hidden deep inside a snow-covered pine forest. Heavy snow falls gently while warm golden lights glow from the windows. Thin smoke rises from the chimney as the camera slowly descends toward the cabin.

Scene 2 (3–6s)

Inside the cabin, the same woman sits beside a crackling stone fireplace wrapped in a soft wool blanket, reading a book. Steam rises naturally from a ceramic mug of hot chocolate on a rustic wooden table. Firelight flickers across the room, creating a warm contrast with the cold blue light outside.

Scene 3 (6–10s)

She opens the wooden front door and steps onto the snowy porch. Snowflakes land softly on her sweater and hair. She smiles, takes a slow deep breath, and looks across the silent forest while the camera gently circles around her.

Scene 4 (10–13s)

Close-up cinematic shots: boots leaving fresh footprints in untouched snow, her gloved hand brushing snow from pine branches, snowflakes settling on the warm cabin window, and smoke drifting into the crisp winter air.

Scene 5 (13–15s)

Wide cinematic pullback from the cabin at dusk. Snow continues falling as the glowing cabin becomes smaller among the vast white forest. The scene ends with a calm, peaceful atmosphere and the feeling of complete solitude.

Camera

Slow drone movements
Smooth gimbal tracking
Gentle push-ins
Macro close-ups
No fast cuts or shaky movement

Audio

Gentle wind
Soft snowfall ambience
Fireplace crackling
Distant birds
Quiet piano or acoustic instrumental

Colour Grade

Warm amber tones indoors, cool blue-white winter tones outdoors, creating a cosy contrast.

End Text

Sometimes the quietest places leave the strongest memories.",,True
8031,https://x.com/Caden_Flux/status/2082060465077981481,"Duration: 15 Seconds Aspect Ratio: 16:9 Genre: Whimsical Fantasy Animation Style: Premium animated feature film, ultra-detailed stylized 3D, cinematic lighting, warm golden sunlight streaming through giant candy-glass windows, magical volumetric dust, soft bloom, rich pastel color palette, handcrafted fantasy architecture, highly expressive animation, Pixar-inspired quality (original world and characters), playful orchestral energy, buttery-smooth camera movement, shallow depth of field, subtle magical particles, cozy fantasy atmosphere. Character Reference Use the exact approved character sheets for: Professor Crumble Mochi Whisk Jello Sprinkle STRICT CHARACTER & IDENTITY LOCK Maintain identical facial features, body proportions, hairstyles, clothing, accessories, colors, materials, and personalities exactly as shown in their character sheets throughout every shot. No redesigns or inconsistencies. 0–3 Seconds Camera A sweeping FPV cinematic drone shot glides through enormous candy-colored stained-glass windows before gently diving into the magical workshop. The camera flies between floating cupcake chandeliers, spinning sugar gears, glass tubes carrying glowing syrup, and tiny pastry robots crossing wooden bridges. The workshop feels impossibly huge, alive, and full of wonder. As the camera slows, Professor Crumble comes into view at the center of the room. Characters Professor Crumble is happily humming while carefully sketching a recipe upside down. Whisk quietly polishes copper mixing machines. Mochi floats overhead carrying an enormous bag of sparkling Cloud Flour that's clearly too heavy. Jello secretly peeks from behind a cookie jar with a mischievous grin. Sprinkle flutters through flowering vines, gently waking magical strawberries with glowing fairy dust. 3–6 Seconds Camera A smooth dolly move circles Professor Crumble as he suddenly gasps with excitement. The camera pushes in dramatically as his amber eyes sparkle. His Spectra Goggles rotate automatically. Tiny magical sugar particles begin swirling around him. Action Professor Crumble raises his glowing Wonder Spoon. He smiles warmly. ""Now then... let's discover something impossible."" Every machine in the workshop softly comes alive. Copper pipes glow. Glass bottles gently vibrate. Tiny lights flicker across the ceiling. 6–9 Seconds Camera Fast overhead crane shot transitions into a rotating close-up around the giant enchanted mixing bowl. Action Mochi excitedly tosses Cloud Flour into the bowl. Sprinkle adds glowing Crystal Berries. Whisk precisely pours shimmering Moon Vanilla. Everything is going perfectly... Until... Jello quietly stretches into a long jelly arm... ...and drops one mysterious sparkling ingredient into the mixture. Nobody notices. The bowl instantly flashes with rainbow light. 9–12 Seconds Camera The camera rapidly orbits the mixing bowl before switching to an extreme slow-motion close-up. Action Rainbow batter floats into the air. Sugar butterflies appear. Miniature constellations swirl inside the mixture. Chocolate ribbons spiral around glowing fruit. Professor Crumble laughs with childlike joy instead of panic. Mochi spins happily in midair. Whisk's eyes widen in astonishment. Jello tries to look innocent. 12–15 Seconds Camera A slow cinematic push-in reveals the finished dessert floating above the workshop. Everyone gathers beneath it. The dessert slowly blossoms like a magical flower. Golden sparkles drift through the room. Professor Crumble takes one tiny bite. His eyes light up. He laughs warmly. ""Perfection is delicious... but surprises are unforgettable."" The camera gently pulls back through the workshop as all five characters admire the glowing dessert together. The final frame freezes into a beautiful storybook illustration while shimmering golden text appears: ""Professor Crumble's Wonder Workshop"" Tiny sugar sparkles continue drifting across the screen as the music ends on a magical, uplifting note. 🎥 Cinematic Notes Smooth FPV fly-throughs with graceful, weightless movement. Gentle dolly and crane shots to emphasize scale and wonder. Macro close-ups for magical ingredients and expressive character moments. Warm golden lighting with soft bloom and volumetric sun rays. Rich environmental animation: bubbling syrup, rotating gears, floating flour dust, drifting sparkles, gently swaying vines, and glowing glass tubes. Every character should remain active in the background, making the workshop feel like a living, breathing place where magic is always happening. This makes the world feel endlessly alive and invites viewers to rewatch to catch all the little details.",,True
8074,https://x.com/PixelAigc/status/2082060231002194193,"CAMERA: DV 16mm handheld tape camera POV, filmed by LISA [@image1]. CHARACTER: Subject LISA: [@image1]. SETTING: Evening gym aerobic area, cardio equipment, mobile phone playing music, soft lighting. SCENES: 1.",,False
8080,https://x.com/PixelAigc/status/2082057425797194195,"Generate a 10-second, 9:16 vertical, fixed camera, one-take realistic mixed-media short video. \n\nSubject: 20-year-old young East Asian female, long hair, white sports tank top, jeans, red high heels, maintaining character consistency. \n\nScene: A white wall with a 2D black and white graffiti of the same female lead, with very exaggerated and quirky expressions and poses.",,False
8055,https://x.com/im_shahid7/status/2082055431179092230,"Part 1 (0–7s)

A cinematic Pixar-style animated short film with feature-film-quality 3D animation, expressive stylized characters, a cozy warmly-lit coffee shop, golden afternoon light, shallow depth of field, fast dynamic cinematic camera cuts, upbeat urgent orchestral score, polished Pixar-quality rendering, expressive facial animation.

A shy 20-year-old coffee shop boy with soft wavy brown hair, gentle hazel eyes, forest-green apron over a white shirt, finishes a coffee cup behind the counter.

A 20-year-old girl with auburn ponytail, green eyes, oversized denim jacket, grabs the cup and bolts for the door.

Shop Manager (shouting): ""She didn't pay!""

She collides with the boy, coffee splashing.

Girl (rushed): ""Sorry—I'll pay you back!""

She's gone, weaving through the street crowd. Boy stands frozen, coffee-stained.

Part 2 (7–15s)

Continue seamlessly. Same characters, clothing, lighting, coffee shop, Pixar-style feature-film-quality 3D animation.

Next morning, boy wipes the counter, distracted. Door chimes fast — the girl rushes back in, holding out cash and a small pastry bag.

Girl (quick, breathless): ""My brother — hospital. I still remembered!""

She sets it down and turns to leave already.

Boy (surprised, half-smile): ""You didn't have to—""

Girl (already at the door, grinning back): ""Said I would!""

Door chimes shut behind her. Boy stands there, smiling, coffee-stained sleeve forgotten.

Camera quick pull-back. Cut to black.",,True
8073,https://x.com/PixelAigc/status/2082054100624236822,"10-second rapid outfit change (Sweet & Cool style): 0-1s: Academy uniform, hands behind back, hopping, tie swinging, head tilted with eyes curved like crescent moons. 1-2s: Turn and swing hair to cover face, changing into Lolita. 2-3s: Cross arms to cover face, changing into sportswear. 3-4s: Swing sleeves across the camera, changing into ancient Chinese Ruqun. 4-5s: Cover face and open hands, changing into a sweet-cool camisole dress.",,True
8036,https://x.com/woleswoosh/status/2082035898716389382,"Cinematic 15-second storyboard, vertical/portrait aspect ratio, ultra-detailed anime-realism hybrid style, epic wuxia fantasy action.

Character (Heroine – exact match to reference): Beautiful young woman with waist-length flowing pure white hair, wearing an ornate white horned mask with sharp upward horns covering the upper face, revealing only lips and chin. Form-fitting white battle dress with open midriff, layered sheer white fabric, white arm wraps, thigh high white bandages, and white heeled sandals. Dual-wielding: right hand a long white sword with wooden handle held high, left hand a pure white blade held low. Pale skin, athletic build, dynamic combat stance.

Setting: Wet circular stone platform high on misty mountain cliffs, towering jagged green-gray rock peaks in background, soft overcast light, light fog, water droplets on the ground.

Opponent: Dark mirror counterpart – tall male warrior in black tattered armor with crimson accents, dual black blades, red glowing eyes under a horned black mask.

15-second timed sequence (storyboard panels):

0–3s
Wide establishing shot → medium shot.
Heroine stands in ready pose on the wet platform, white hair and fabric gently moving in the wind. Opponent steps into frame from the mist. Both raise their dual blades. Tension builds, slight camera push-in.
3–6s
Fast cut to close-up of eyes through masks → full body dynamic exchange.
Heroine launches forward with a spinning slash using the wooden-handled sword. Opponent blocks and counters with a low sweep. Sparks and white energy trails fly. Quick side-tracking camera follows the clash.
6–10s
Mid-air aerial combo.
Heroine leaps high, white hair and dress flowing dramatically, dual swords crossing in an X-slash. Opponent jumps to meet her. Multiple rapid blade clashes in the air, white and black energy trails intertwining. Slow-motion moment as blades lock, then they separate and land hard on the platform, water splashing.

10–13s
Ground power clash.
Both charge, blades colliding in a massive impact. Camera circles 180° around them. Heroine uses the momentum to spin low and strike upward. Opponent staggers back. Intense motion blur on the swords, glowing white energy cracks the stone floor slightly.
13–15s
Final decisive moment.
Heroine performs a graceful yet deadly finishing dual-sword thrust, white energy exploding outward. Opponent is pushed back to the edge of the platform. Freeze-frame on her powerful pose (matching the reference image energy), white hair and fabric dramatically billowing, mountains in background, soft mist swirling. Fade to black with lingering energy particles.
Style notes for every panel:
Photorealistic skin and fabric details, cinematic lighting with soft volumetric fog, high-speed action clarity, elegant feminine power, no blood, pure fantasy martial arts energy. Consistent character design throughout.",,True
8033,https://x.com/tbros6868/status/2082034948635316232,"Duration: 15 seconds
Aspect Ratio: 16:9
Style: Ultra-photorealistic kaiju disaster film with realistic structural destruction, stormy coastal metropolis, physically accurate debris simulation, cinematic action, IMAX-scale realism.
Monster Design
A colossal deep-sea octopus towering above nearby skyscrapers. Its wet crimson-purple skin is scarred and textured, with pale lifeless eyes, rough oversized suction cups, a battle-worn mantle, and eight enormous muscular tentacles.

Movement: The creature never stops moving or poses. Four tentacles continuously pull its massive body forward at high speed while the remaining four violently destroy everything in its path. All eight tentacles remain fully connected, clearly separated, anatomically correct, and constantly visible throughout the sequence.

0:00–0:02 | Street Assault

Camera: Low street-level tracking shot, smoothly pulling backward.

Action: Destruction begins immediately. The monster charges directly toward the camera. One tentacle crushes a city bus and several streetlights while another wraps tightly around a glass office tower. The remaining tentacles drag the creature rapidly through flooded streets.

Lighting: Cold storm daylight with flashing red emergency lights reflecting across wet pavement.
VFX: Heavy rain, splashing water, shattered glass, broken asphalt, flying debris.

0:02–0:05 | Tower Collapse

Camera: Wide rooftop shot with smooth lateral tracking.

Action: Without slowing down, the octopus violently yanks the glass tower sideways. Lower floors rip apart under extreme stress before the structure collapses behind the advancing creature.

Lighting: Lightning flashes illuminate dark storm clouds.

VFX: Concrete dust, electrical sparks, collapsing steel beams, cascading glass.

0:05–0:08 | City Charge
Camera: High aerial tracking shot with controlled movement.

Action: The monster surges through multiple intersections at incredible speed. Every tentacle strike fractures the pavement, launches vehicles through the air, and tears apart surrounding infrastructure while its body never loses momentum.

Lighting: Steel-blue rainstorm daylight.

VFX: Exploding puddles, cracked roads, smoke, debris trails.

0:08–0:12 | Block Leap

Camera: Wide frontal shot, smoothly retreating.

Action: The creature plants two massive tentacles onto buildings on opposite sides of the street, compresses its enormous body, then launches across an entire city block. During the leap its remaining tentacles rip away balconies, billboards, rooftop equipment, and facades while maintaining continuous forward motion.
Lighting: Dramatic storm backlight mixed with orange firelight.

VFX: Flying debris trails, displaced rain, drifting smoke, shattered concrete.

0:12–0:15 | Final Charge

Camera: Ultra-wide cinematic shot slowly pulling back.

Action: The monster lands near the coastline",,True
8056,https://x.com/Zyrellix/status/2082034651296887205,"A sleek, high-end commercial ad for modern wireless earbuds in a stylish, brightly lit modern apartment kitchen. A woman's hands hold a matte charcoal grey charging case labeled ""LOOVA"". She pops open the case to reveal dark metallic wireless earbuds with glowing LED indicators. Camera zooms into a macro shot of the earbuds inside the case. A stylish woman wearing a black baseball cap, white off-the-shoulder top, and gold hoop earrings inserts one earbud into her ear. She taps the side touch control, closes her eyes, and smiles contentedly as music plays. Close-up shot showing the detailed fit of the earbud in her ear as she gently adjusts it. She looks directly at the camera with a warm smile and gives a confident thumbs-up. Cuts to a glossy hero product shot of the open earbud case resting on a polished reflective countertop. Soft natural daylight, warm aesthetic, modern lifestyle product commercial, 4k resolution, smooth cinematic camera motion, photorealistic.",,False
8043,https://x.com/Diplomeme/status/2082024707105366186,"Create a 15-second vertical 16:9 UGC-style shampoo advertisement that feels authentic, premium, and social-media ready.
A confident young woman stands in a bright, modern bathroom with soft natural morning light. She holds the shampoo bottle close to the camera, smiling warmly as if recommending it to a friend. Her hair is long, healthy, shiny, and naturally bouncy.
She speaks directly to the camera:
""I've finally found a shampoo that leaves my hair feeling soft, strong, and incredibly shiny. It cleans without drying, smells amazing, and honestly makes every wash feel like a salon treatment. If you're looking for healthier-looking hair, you have to try this!""
Storyboard:
Scene 1: Close-up of the shampoo bottle in her hand as she introduces it.
Scene 2: She dispenses the shampoo into her palm, creating a rich, creamy lather.
Scene 3: Beauty shots of her gently washing and massaging her hair, with realistic foam and flowing water.
Scene 4: After drying, she flips her silky, glossy hair while smiling confidently at the camera.
Scene 5: Final hero shot holding the shampoo beside her face with a clean, premium bathroom background. She smiles and says, ""Highly recommend!""
The video should have realistic smartphone camera quality, natural handheld movement, genuine facial expressions, smooth transitions, accurate lip sync, premium product visibility throughout, and a polished yet authentic UGC aesthetic. The shampoo bottle label remains sharp, readable, and consistently visible in every product shot.",,True
8067,https://x.com/arijiitdas/status/2082017637337551164,Vehicle identity locked to @snowcar. Color grade and mood matched to @snowcar grade. Hyper-realistic cinematic action sequence. A futuristic racer blasts through razor-thin ice canyons on a frozen alien moon while an avalanche of collapsing glaciers,,False
8045,https://x.com/xIrissy/status/2082010813376962866,"Live-Action + 2D Anime Sticker Composite, First-Person Cooking POV, Realistic Kitchen Texture vs Flat Cartoon Style, HD, Static Camera,

【Duration】 15 seconds

【Scene】 Real Home Kitchen First-Person View: Black skillet on a gas stove cooking sliced mushrooms and butter. Background features white subway tiles, hanging copper pans, ceramic jars, a wooden cutting board, and bright natural light from a window.

【Character】 Q-Version Anime Sticker Character: Flat 2D sticker style, thick outlines. Small girl with light blue hair, a green leaf hat, brown cape, and white apron. Simple dot eyes and rosy cheeks. Pure 2D flat quality, unaffected by real lighting, portraying a cheerful but accident-prone helper.

Shot 1: Cooperative Stirring. First-person POV: Real hands use a wooden spoon to stir mushrooms in the pan. The 2D girl stands on the stove, cheerfully holding the spoon handle to help stir. Sound Effects: Sizzling butter.

Shot 2: Pepper Seasoning. Real Real hands bring in a tall wooden pepper grinder. The girl hugs the grinder to assist as pepper dust falls over the food. The real hands then exit the frame, leaving her on the stovetop. Sound Effects: Grinding clicks, sizzling.

Shot 3: Pepper Sneeze Launch. Floating pepper dust surrounds the girl. She inhales it, her face scrunches up, and she unleashes a massive cartoon sneeze. The sheer force, accompanied by flying cartoon leaves, launches her backward through the air. Sound Effects: Large ""Ah-choo,"" wind whoosh.

Shot 4: Dizzy Bowl Landing. The girl flies off-screen and lands in a beige ceramic mixing bowl on the counter. Her leaf hat flies off. She pops her head up with swirling spiral eyes, her tongue hanging out, and cartoon dizzy rings circling her head. Sound Effects: Clatter, cartoon dizzy twinkling.",,True
